idna_subject,checker_type,destination,source,tested_at,session_id
internet.org,AVAILABILITY,origin.list,origin.list,2022-04-07 05:15:55.521264,f319f62fe3598a8ee63a3fce
expresswifi.com,AVAILABILITY,origin.list,origin.list,2022-04-07 05:15:58.498018,f319f62fe3598a8ee63a3fce
i.org,AVAILABILITY,origin.list,origin.list,2022-04-07 05:15:59.473561,f319f62fe3598a8ee63a3fce
freebasics.com,AVAILABILITY,origin.list,origin.list,2022-04-07 05:15:59.758571,f319f62fe3598a8ee63a3fce
discoverapp.com,AVAILABILITY,origin.list,origin.list,2022-04-07 05:16:00.728495,f319f62fe3598a8ee63a3fce
headers-shv-00-rash0.facebook.com,AVAILABILITY,origin.list,origin.list,2022-04-07 05:16:08.128327,f319f62fe3598a8ee63a3fce
headers-regional.vvv.facebook.com,AVAILABILITY,origin.list,origin.list,2022-04-07 05:16:13.307575,f319f62fe3598a8ee63a3fce
headers-shv-00-ratn0.facebook.com,AVAILABILITY,origin.list,origin.list,2022-04-07 05:16:15.625325,f319f62fe3598a8ee63a3fce
z-m-www.facebook.com,AVAILABILITY,origin.list,origin.list,2022-04-07 05:16:15.799123,f319f62fe3598a8ee63a3fce
headers-shv-00-rfrc0.facebook.com,AVAILABILITY,origin.list,origin.list,2022-04-07 05:16:15.728512,f319f62fe3598a8ee63a3fce
headers-shv-00-rprn0.facebook.com,AVAILABILITY,origin.list,origin.list,2022-04-07 05:16:18.675934,f319f62fe3598a8ee63a3fce
z-m.c10r.facebook.com,AVAILABILITY,origin.list,origin.list,2022-04-07 05:16:20.855275,f319f62fe3598a8ee63a3fce
z-m.facebook.com,AVAILABILITY,origin.list,origin.list,2022-04-07 05:16:25.913949,f319f62fe3598a8ee63a3fce
z-p1.facebook.com,AVAILABILITY,origin.list,origin.list,2022-04-07 05:16:26.599602,f319f62fe3598a8ee63a3fce
z-p3.facebook.com,AVAILABILITY,origin.list,origin.list,2022-04-07 05:16:32.602899,f319f62fe3598a8ee63a3fce
z-p1.c10r.facebook.com,AVAILABILITY,origin.list,origin.list,2022-04-07 05:16:33.046389,f319f62fe3598a8ee63a3fce
z-p3.c10r.facebook.com,AVAILABILITY,origin.list,origin.list,2022-04-07 05:16:35.635838,f319f62fe3598a8ee63a3fce
z-p4.c10r.facebook.com,AVAILABILITY,origin.list,origin.list,2022-04-07 05:16:39.131226,f319f62fe3598a8ee63a3fce
free.facebook.com,AVAILABILITY,origin.list,origin.list,2022-04-07 05:16:40.063164,f319f62fe3598a8ee63a3fce
0.facebook.com,AVAILABILITY,origin.list,origin.list,2022-04-07 05:16:41.225731,f319f62fe3598a8ee63a3fce
z-p4.facebook.com,AVAILABILITY,origin.list,origin.list,2022-04-07 05:16:45.067379,f319f62fe3598a8ee63a3fce
h.facebook.com,AVAILABILITY,origin.list,origin.list,2022-04-07 05:16:45.456694,f319f62fe3598a8ee63a3fce
mobile.facebook.com,AVAILABILITY,origin.list,origin.list,2022-04-07 05:16:49.214114,f319f62fe3598a8ee63a3fce
web.facebook.com,AVAILABILITY,origin.list,origin.list,2022-04-07 05:16:53.733822,f319f62fe3598a8ee63a3fce
o.facebook.com,AVAILABILITY,origin.list,origin.list,2022-04-07 05:16:54.154972,f319f62fe3598a8ee63a3fce
p.facebook.com,AVAILABILITY,origin.list,origin.list,2022-04-07 05:16:54.798023,f319f62fe3598a8ee63a3fce
mzero.facebook.com,AVAILABILITY,origin.list,origin.list,2022-04-07 05:16:59.560761,f319f62fe3598a8ee63a3fce
0.beta.facebook.com,AVAILABILITY,origin.list,origin.list,2022-04-07 05:17:04.315589,f319f62fe3598a8ee63a3fce
z.facebook.com,AVAILABILITY,origin.list,origin.list,2022-04-07 05:17:08.333271,f319f62fe3598a8ee63a3fce
h.beta.facebook.com,AVAILABILITY,origin.list,origin.list,2022-04-07 05:17:10.602247,f319f62fe3598a8ee63a3fce
free.beta.facebook.com,AVAILABILITY,origin.list,origin.list,2022-04-07 05:17:12.461705,f319f62fe3598a8ee63a3fce
zero.facebook.com,AVAILABILITY,origin.list,origin.list,2022-04-07 05:17:13.508656,f319f62fe3598a8ee63a3fce
mobile.beta.facebook.com,AVAILABILITY,origin.list,origin.list,2022-04-07 05:17:25.141718,f319f62fe3598a8ee63a3fce
mzero.beta.facebook.com,AVAILABILITY,origin.list,origin.list,2022-04-07 05:17:29.623622,f319f62fe3598a8ee63a3fce
z.beta.facebook.com,AVAILABILITY,origin.list,origin.list,2022-04-07 05:17:32.138836,f319f62fe3598a8ee63a3fce
web.beta.facebook.com,AVAILABILITY,origin.list,origin.list,2022-04-07 05:17:32.528659,f319f62fe3598a8ee63a3fce
o.beta.facebook.com,AVAILABILITY,origin.list,origin.list,2022-04-07 05:17:33.347125,f319f62fe3598a8ee63a3fce
z-p1-upload.facebook.com,AVAILABILITY,origin.list,origin.list,2022-04-07 05:17:41.673424,f319f62fe3598a8ee63a3fce
zero.beta.facebook.com,AVAILABILITY,origin.list,origin.list,2022-04-07 05:17:50.078386,f319f62fe3598a8ee63a3fce
z-p3-rupload.facebook.com,AVAILABILITY,origin.list,origin.list,2022-04-07 05:17:55.752399,f319f62fe3598a8ee63a3fce
z-p3-upload.facebook.com,AVAILABILITY,origin.list,origin.list,2022-04-07 05:17:56.493568,f319f62fe3598a8ee63a3fce
z-p4-rupload.facebook.com,AVAILABILITY,origin.list,origin.list,2022-04-07 05:17:56.678051,f319f62fe3598a8ee63a3fce
z-upload.facebook.com,AVAILABILITY,origin.list,origin.list,2022-04-07 05:18:02.171503,f319f62fe3598a8ee63a3fce
z-p4-upload.facebook.com,AVAILABILITY,origin.list,origin.list,2022-04-07 05:18:02.444382,f319f62fe3598a8ee63a3fce
airjaldi.in.expresswifi.com,AVAILABILITY,origin.list,origin.list,2022-04-07 05:18:19.665761,f319f62fe3598a8ee63a3fce
https-www-google-co-th.0.discoverapp.com,AVAILABILITY,origin.list,origin.list,2022-04-07 05:18:20.426927,f319f62fe3598a8ee63a3fce
0.discoverapp.com,AVAILABILITY,origin.list,origin.list,2022-04-07 05:18:21.475513,f319f62fe3598a8ee63a3fce
mobile.discoverapp.com,AVAILABILITY,origin.list,origin.list,2022-04-07 05:18:21.074899,f319f62fe3598a8ee63a3fce
airjaldi-expresswifi-com.airjaldi.in.expresswifi.com,AVAILABILITY,origin.list,origin.list,2022-04-07 05:18:28.225131,f319f62fe3598a8ee63a3fce
airjaldiqa.in.expresswifi.com,AVAILABILITY,origin.list,origin.list,2022-04-07 05:18:35.494278,f319f62fe3598a8ee63a3fce
airtel-expresswifi-com.airtel.in.expresswifi.com,AVAILABILITY,origin.list,origin.list,2022-04-07 05:18:43.574324,f319f62fe3598a8ee63a3fce
alpha.expresswifi.com,AVAILABILITY,origin.list,origin.list,2022-04-07 05:18:49.593496,f319f62fe3598a8ee63a3fce
alt-th.th.expresswifi.com,AVAILABILITY,origin.list,origin.list,2022-04-07 05:18:52.989864,f319f62fe3598a8ee63a3fce
airtel.in.expresswifi.com,AVAILABILITY,origin.list,origin.list,2022-04-07 05:18:53.357827,f319f62fe3598a8ee63a3fce
applogin.expresswifi.com,AVAILABILITY,origin.list,origin.list,2022-04-07 05:18:54.591457,f319f62fe3598a8ee63a3fce
b-graph.expresswifi.com,AVAILABILITY,origin.list,origin.list,2022-04-07 05:19:06.884133,f319f62fe3598a8ee63a3fce
bdemo-sg.sg.expresswifi.com,AVAILABILITY,origin.list,origin.list,2022-04-07 05:19:07.229463,f319f62fe3598a8ee63a3fce
beta.expresswifi.com,AVAILABILITY,origin.list,origin.list,2022-04-07 05:19:16.624797,f319f62fe3598a8ee63a3fce
bluetown.expresswifi.com,AVAILABILITY,origin.list,origin.list,2022-04-07 05:19:17.717373,f319f62fe3598a8ee63a3fce
ciphercloud-expresswifi-com.tokenizerdogfood.in.expresswifi.com,AVAILABILITY,origin.list,origin.list,2022-04-07 05:19:18.645923,f319f62fe3598a8ee63a3fce
dnet.expresswifi.com,AVAILABILITY,origin.list,origin.list,2022-04-07 05:19:30.281152,f319f62fe3598a8ee63a3fce
coollink.expresswifi.com,AVAILABILITY,origin.list,origin.list,2022-04-07 05:19:31.352905,f319f62fe3598a8ee63a3fce
globe.expresswifi.com,AVAILABILITY,origin.list,origin.list,2022-04-07 05:19:34.857086,f319f62fe3598a8ee63a3fce
globe-ph.ph.expresswifi.com,AVAILABILITY,origin.list,origin.list,2022-04-07 05:19:39.715126,f319f62fe3598a8ee63a3fce
fbtokenizerdogfood.in.expresswifi.com,AVAILABILITY,origin.list,origin.list,2022-04-07 05:19:44.754720,f319f62fe3598a8ee63a3fce
graph.expresswifi.com,AVAILABILITY,origin.list,origin.list,2022-04-07 05:19:47.270524,f319f62fe3598a8ee63a3fce
graph-expresswifi-com.tokenizerdogfood.in.expresswifi.com,AVAILABILITY,origin.list,origin.list,2022-04-07 05:19:53.924190,f319f62fe3598a8ee63a3fce
habari.expresswifi.com,AVAILABILITY,origin.list,origin.list,2022-04-07 05:19:56.269753,f319f62fe3598a8ee63a3fce
hughes-br.expresswifi.com,AVAILABILITY,origin.list,origin.list,2022-04-07 05:20:04.081111,f319f62fe3598a8ee63a3fce
iconnectwe-expresswifi-com.iconnectwe.in.expresswifi.com,AVAILABILITY,origin.list,origin.list,2022-04-07 05:20:07.561518,f319f62fe3598a8ee63a3fce
iconnectwe.expresswifi.com,AVAILABILITY,origin.list,origin.list,2022-04-07 05:20:08.895642,f319f62fe3598a8ee63a3fce
iconnectwe.in.expresswifi.com,AVAILABILITY,origin.list,origin.list,2022-04-07 05:20:19.780772,f319f62fe3598a8ee63a3fce
intern.expresswifi.com,AVAILABILITY,origin.list,origin.list,2022-04-07 05:20:19.834639,f319f62fe3598a8ee63a3fce
iconnectweqa.in.expresswifi.com,AVAILABILITY,origin.list,origin.list,2022-04-07 05:20:22.546236,f319f62fe3598a8ee63a3fce
indiatest.in.expresswifi.com,AVAILABILITY,origin.list,origin.list,2022-04-07 05:20:31.136561,f319f62fe3598a8ee63a3fce
jcdecaux-fr.expresswifi.com,AVAILABILITY,origin.list,origin.list,2022-04-07 05:20:33.197066,f319f62fe3598a8ee63a3fce
netvision-expresswifi-com.netvision.in.expresswifi.com,AVAILABILITY,origin.list,origin.list,2022-04-07 05:20:42.875169,f319f62fe3598a8ee63a3fce
netvision.in.expresswifi.com,AVAILABILITY,origin.list,origin.list,2022-04-07 05:20:45.165072,f319f62fe3598a8ee63a3fce
picosoft-np.np.expresswifi.com,AVAILABILITY,origin.list,origin.list,2022-04-07 05:20:47.664452,f319f62fe3598a8ee63a3fce
robi.bd.expresswifi.com,AVAILABILITY,origin.list,origin.list,2022-04-07 05:20:49.596671,f319f62fe3598a8ee63a3fce
robi-bd.bd.expresswifi.com,AVAILABILITY,origin.list,origin.list,2022-04-07 05:20:58.402751,f319f62fe3598a8ee63a3fce
robi.expresswifi.com,AVAILABILITY,origin.list,origin.list,2022-04-07 05:21:01.058236,f319f62fe3598a8ee63a3fce
shaildhar-expresswifi-com.shaildhar.in.expresswifi.com,AVAILABILITY,origin.list,origin.list,2022-04-07 05:21:07.310809,f319f62fe3598a8ee63a3fce
shaildhar.in.expresswifi.com,AVAILABILITY,origin.list,origin.list,2022-04-07 05:21:11.048071,f319f62fe3598a8ee63a3fce
sb.expresswifi.com,AVAILABILITY,origin.list,origin.list,2022-04-07 05:21:11.776227,f319f62fe3598a8ee63a3fce
surf.expresswifi.com,AVAILABILITY,origin.list,origin.list,2022-04-07 05:21:27.010415,f319f62fe3598a8ee63a3fce
shaildhar2.in.expresswifi.com,AVAILABILITY,origin.list,origin.list,2022-04-07 05:21:26.269223,f319f62fe3598a8ee63a3fce
shaildharqa.in.expresswifi.com,AVAILABILITY,origin.list,origin.list,2022-04-07 05:21:30.889524,f319f62fe3598a8ee63a3fce
tikona-expresswifi-com.tikona.in.expresswifi.com,AVAILABILITY,origin.list,origin.list,2022-04-07 05:21:35.153141,f319f62fe3598a8ee63a3fce
testpartner.yos.sb.expresswifi.com,AVAILABILITY,origin.list,origin.list,2022-04-07 05:21:36.237875,f319f62fe3598a8ee63a3fce
tikonaqa.in.expresswifi.com,AVAILABILITY,origin.list,origin.list,2022-04-07 05:21:50.129039,f319f62fe3598a8ee63a3fce
tikona.in.expresswifi.com,AVAILABILITY,origin.list,origin.list,2022-04-07 05:21:52.099211,f319f62fe3598a8ee63a3fce
tokenizerdogfood.in.expresswifi.com,AVAILABILITY,origin.list,origin.list,2022-04-07 05:21:56.853127,f319f62fe3598a8ee63a3fce
tizeti.expresswifi.com,AVAILABILITY,origin.list,origin.list,2022-04-07 05:21:59.422963,f319f62fe3598a8ee63a3fce
vodafone-gh.expresswifi.com,AVAILABILITY,origin.list,origin.list,2022-04-07 05:22:08.848726,f319f62fe3598a8ee63a3fce
trunkstable.expresswifi.com,AVAILABILITY,origin.list,origin.list,2022-04-07 05:22:08.957762,f319f62fe3598a8ee63a3fce
worldlink-np.np.expresswifi.com,AVAILABILITY,origin.list,origin.list,2022-04-07 05:22:19.152045,f319f62fe3598a8ee63a3fce
www.expresswifi.com,AVAILABILITY,origin.list,origin.list,2022-04-07 05:22:21.009808,f319f62fe3598a8ee63a3fce
snaptu-z.facebook.com,AVAILABILITY,origin.list,origin.list,2022-04-07 05:22:23.406171,f319f62fe3598a8ee63a3fce
z-graph.expresswifi.com,AVAILABILITY,origin.list,origin.list,2022-04-07 05:22:34.967245,f319f62fe3598a8ee63a3fce
xwfct.in.expresswifi.com,AVAILABILITY,origin.list,origin.list,2022-04-07 05:22:36.749891,f319f62fe3598a8ee63a3fce
static.0.facebook.com,AVAILABILITY,origin.list,origin.list,2022-04-07 05:22:46.159372,f319f62fe3598a8ee63a3fce
m.0.facebook.com,AVAILABILITY,origin.list,origin.list,2022-04-07 05:22:46.412428,f319f62fe3598a8ee63a3fce
www.0.facebook.com,AVAILABILITY,origin.list,origin.list,2022-04-07 05:22:51.070362,f319f62fe3598a8ee63a3fce
0.alpha.freebasics.com,AVAILABILITY,origin.list,origin.list,2022-04-07 05:23:02.644007,f319f62fe3598a8ee63a3fce
0.0.freebasics.com,AVAILABILITY,origin.list,origin.list,2022-04-07 05:23:01.513730,f319f62fe3598a8ee63a3fce
0.beta.freebasics.com,AVAILABILITY,origin.list,origin.list,2022-04-07 05:23:14.633734,f319f62fe3598a8ee63a3fce
0.asafziv.sb.freebasics.com,AVAILABILITY,origin.list,origin.list,2022-04-07 05:23:15.234982,f319f62fe3598a8ee63a3fce
0.com.0.freebasics.com,AVAILABILITY,origin.list,origin.list,2022-04-07 05:23:20.204738,f319f62fe3598a8ee63a3fce
0.dev.freebasics.com,AVAILABILITY,origin.list,origin.list,2022-04-07 05:23:27.031789,f319f62fe3598a8ee63a3fce
0.freebasics.com,AVAILABILITY,origin.list,origin.list,2022-04-07 05:23:29.376987,f319f62fe3598a8ee63a3fce
0.im.freebasics.com,AVAILABILITY,origin.list,origin.list,2022-04-07 05:23:29.838782,f319f62fe3598a8ee63a3fce
0.inyour.freebasics.com,AVAILABILITY,origin.list,origin.list,2022-04-07 05:23:46.740693,f319f62fe3598a8ee63a3fce
0.iph.freebasics.com,AVAILABILITY,origin.list,origin.list,2022-04-07 05:23:48.415092,f319f62fe3598a8ee63a3fce
0.intern.freebasics.com,AVAILABILITY,origin.list,origin.list,2022-04-07 05:23:55.991236,f319f62fe3598a8ee63a3fce
0.latest.freebasics.com,AVAILABILITY,origin.list,origin.list,2022-04-07 05:23:53.141123,f319f62fe3598a8ee63a3fce
0.mx.freebasics.com,AVAILABILITY,origin.list,origin.list,2022-04-07 05:23:56.914088,f319f62fe3598a8ee63a3fce
220-226-188-56.0.freebasics.com,AVAILABILITY,origin.list,origin.list,2022-04-07 05:24:08.347919,f319f62fe3598a8ee63a3fce
3.freebasics.com,AVAILABILITY,origin.list,origin.list,2022-04-07 05:24:11.326185,f319f62fe3598a8ee63a3fce
0.prod.freebasics.com,AVAILABILITY,origin.list,origin.list,2022-04-07 05:24:12.616361,f319f62fe3598a8ee63a3fce
2f0.freebasics.com,AVAILABILITY,origin.list,origin.list,2022-04-07 05:24:18.807722,f319f62fe3598a8ee63a3fce
253dwww-google-com.0.freebasics.com,AVAILABILITY,origin.list,origin.list,2022-04-07 05:24:24.437274,f319f62fe3598a8ee63a3fce
ads.freebasics.com,AVAILABILITY,origin.list,origin.list,2022-04-07 05:24:35.257838,f319f62fe3598a8ee63a3fce
admin.freebasics.com,AVAILABILITY,origin.list,origin.list,2022-04-07 05:24:31.919777,f319f62fe3598a8ee63a3fce
af-za.freebasics.com,AVAILABILITY,origin.list,origin.list,2022-04-07 05:24:38.168707,f319f62fe3598a8ee63a3fce
ais.co.th.0.freebasics.com,AVAILABILITY,origin.list,origin.list,2022-04-07 05:24:47.319678,f319f62fe3598a8ee63a3fce
akamaized.freebasics.com,AVAILABILITY,origin.list,origin.list,2022-04-07 05:24:47.907731,f319f62fe3598a8ee63a3fce
akmai.freebasics.com,AVAILABILITY,origin.list,origin.list,2022-04-07 05:24:54.833250,f319f62fe3598a8ee63a3fce
alpha.freebasics.com,AVAILABILITY,origin.list,origin.list,2022-04-07 05:25:03.604515,f319f62fe3598a8ee63a3fce
alpha.0.freebasics.com,AVAILABILITY,origin.list,origin.list,2022-04-07 05:25:07.422165,f319f62fe3598a8ee63a3fce
api.freebasics.com,AVAILABILITY,origin.list,origin.list,2022-04-07 05:25:12.284715,f319f62fe3598a8ee63a3fce
asafziv.sb.freebasics.com,AVAILABILITY,origin.list,origin.list,2022-04-07 05:25:14.345892,f319f62fe3598a8ee63a3fce
bbc.co.uk.0.freebasics.com,AVAILABILITY,origin.list,origin.list,2022-04-07 05:25:20.354728,f319f62fe3598a8ee63a3fce
blog.freebasics.com,AVAILABILITY,origin.list,origin.list,2022-04-07 05:25:24.274372,f319f62fe3598a8ee63a3fce
beta.freebasics.com,AVAILABILITY,origin.list,origin.list,2022-04-07 05:25:28.799575,f319f62fe3598a8ee63a3fce
booking.freebasics.com,AVAILABILITY,origin.list,origin.list,2022-04-07 05:25:35.037047,f319f62fe3598a8ee63a3fce
cdn-xl.freebasics.com,AVAILABILITY,origin.list,origin.list,2022-04-07 05:25:46.725851,f319f62fe3598a8ee63a3fce
ca-es.freebasics.com,AVAILABILITY,origin.list,origin.list,2022-04-07 05:25:47.126586,f319f62fe3598a8ee63a3fce
com.0.freebasics.com,AVAILABILITY,origin.list,origin.list,2022-04-07 05:25:49.361212,f319f62fe3598a8ee63a3fce
consumo.freebasics.com,AVAILABILITY,origin.list,origin.list,2022-04-07 05:25:50.957733,f319f62fe3598a8ee63a3fce
dev.freebasics.com,AVAILABILITY,origin.list,origin.list,2022-04-07 05:26:01.531942,f319f62fe3598a8ee63a3fce
digi.freebasics.com,AVAILABILITY,origin.list,origin.list,2022-04-07 05:26:07.150428,f319f62fe3598a8ee63a3fce
dw.com.0.freebasics.com,AVAILABILITY,origin.list,origin.list,2022-04-07 05:26:10.728924,f319f62fe3598a8ee63a3fce
dtac.0.co.th.0.freebasics.com,AVAILABILITY,origin.list,origin.list,2022-04-07 05:26:11.005121,f319f62fe3598a8ee63a3fce
dtac.freebasics.com,AVAILABILITY,origin.list,origin.list,2022-04-07 05:26:18.444377,f319f62fe3598a8ee63a3fce
fornex.freebasics.com,AVAILABILITY,origin.list,origin.list,2022-04-07 05:26:19.838732,f319f62fe3598a8ee63a3fce
es-la.freebasics.com,AVAILABILITY,origin.list,origin.list,2022-04-07 05:26:23.016924,f319f62fe3598a8ee63a3fce
f0.freebasics.com,AVAILABILITY,origin.list,origin.list,2022-04-07 05:26:30.592040,f319f62fe3598a8ee63a3fce
fr-ca.freebasics.com,AVAILABILITY,origin.list,origin.list,2022-04-07 05:26:36.178115,f319f62fe3598a8ee63a3fce
ftp.freebasics.com,AVAILABILITY,origin.list,origin.list,2022-04-07 05:26:41.934900,f319f62fe3598a8ee63a3fce
free.freebasics.com,AVAILABILITY,origin.list,origin.list,2022-04-07 05:26:44.039506,f319f62fe3598a8ee63a3fce
ftp.mx.freebasics.com,AVAILABILITY,origin.list,origin.list,2022-04-07 05:26:47.322685,f319f62fe3598a8ee63a3fce
galery.freebasics.com,AVAILABILITY,origin.list,origin.list,2022-04-07 05:26:53.539894,f319f62fe3598a8ee63a3fce
globedv.0.freebasics.com,AVAILABILITY,origin.list,origin.list,2022-04-07 05:26:59.779537,f319f62fe3598a8ee63a3fce
gpstream.mobi0.freebasics.com,AVAILABILITY,origin.list,origin.list,2022-04-07 05:27:07.987584,f319f62fe3598a8ee63a3fce
graph.freebasics.com,AVAILABILITY,origin.list,origin.list,2022-04-07 05:27:08.808958,f319f62fe3598a8ee63a3fce
hostmaster.freebasics.com,AVAILABILITY,origin.list,origin.list,2022-04-07 05:27:11.152806,f319f62fe3598a8ee63a3fce
h.freebasics.com,AVAILABILITY,origin.list,origin.list,2022-04-07 05:27:11.477794,f319f62fe3598a8ee63a3fce
htt-telcel-net.0.freebasics.com,AVAILABILITY,origin.list,origin.list,2022-04-07 05:27:19.354666,f319f62fe3598a8ee63a3fce
http-bing-com.freebasics.com,AVAILABILITY,origin.list,origin.list,2022-04-07 05:27:22.385495,f319f62fe3598a8ee63a3fce
htt0.freebasics.com,AVAILABILITY,origin.list,origin.list,2022-04-07 05:27:30.491487,f319f62fe3598a8ee63a3fce
http-en-wikipedia-org.0.freebasics.com,AVAILABILITY,origin.list,origin.list,2022-04-07 05:27:33.363188,f319f62fe3598a8ee63a3fce
http-dictionary-reference-com.0.freebasics.com,AVAILABILITY,origin.list,origin.list,2022-04-07 05:27:35.209278,f319f62fe3598a8ee63a3fce
http-forasna-com.0.freebasics.com,AVAILABILITY,origin.list,origin.list,2022-04-07 05:27:35.684276,f319f62fe3598a8ee63a3fce
http-fp-juanfutbol-com.0.freebasics.com,AVAILABILITY,origin.list,origin.list,2022-04-07 05:27:45.474743,f319f62fe3598a8ee63a3fce
http-m--internet--org-tokopedia-com.0.freebasics.com,AVAILABILITY,origin.list,origin.list,2022-04-07 05:27:54.231764,f319f62fe3598a8ee63a3fce
http-m-cricbuzz-com.0.freebasics.com,AVAILABILITY,origin.list,origin.list,2022-04-07 05:27:54.907803,f319f62fe3598a8ee63a3fce
http-ipv4-google-com.0.freebasics.com,AVAILABILITY,origin.list,origin.list,2022-04-07 05:27:55.101990,f319f62fe3598a8ee63a3fce
http-innoopedia-blogspot-com.0.freebasics.com,AVAILABILITY,origin.list,origin.list,2022-04-07 05:27:56.732152,f319f62fe3598a8ee63a3fce
http-m-jobstreet-com-ph.0.freebasics.com,AVAILABILITY,origin.list,origin.list,2022-04-07 05:28:05.039264,f319f62fe3598a8ee63a3fce
http-m-wattpad-com.0.freebasics.com,AVAILABILITY,origin.list,origin.list,2022-04-07 05:28:10.292467,f319f62fe3598a8ee63a3fce
http-m-news24-com.0.freebasics.com,AVAILABILITY,origin.list,origin.list,2022-04-07 05:28:11.760854,f319f62fe3598a8ee63a3fce
http-m-olx-co-id.0.freebasics.com,AVAILABILITY,origin.list,origin.list,2022-04-07 05:28:16.107102,f319f62fe3598a8ee63a3fce
http-mini-youm7-com.0.freebasics.com,AVAILABILITY,origin.list,origin.list,2022-04-07 05:28:17.281934,f319f62fe3598a8ee63a3fce
http-m-wikihow-com.0.freebasics.com,AVAILABILITY,origin.list,origin.list,2022-04-07 05:28:19.109210,f319f62fe3598a8ee63a3fce
http-techeye-org.0.freebasics.com,AVAILABILITY,origin.list,origin.list,2022-04-07 05:28:31.477136,f319f62fe3598a8ee63a3fce
http-nigeria-babycenter-io.0.freebasics.com,AVAILABILITY,origin.list,origin.list,2022-04-07 05:28:32.797760,f319f62fe3598a8ee63a3fce
http-reformedexegetessociety-org.0.freebasics.com,AVAILABILITY,origin.list,origin.list,2022-04-07 05:28:35.594335,f319f62fe3598a8ee63a3fce
http-telenornews-pk.0.freebasics.com,AVAILABILITY,origin.list,origin.list,2022-04-07 05:28:39.064181,f319f62fe3598a8ee63a3fce
http-translate-reference-com.0.freebasics.com,AVAILABILITY,origin.list,origin.list,2022-04-07 05:28:41.392076,f319f62fe3598a8ee63a3fce
http-tse2-mm-bing-net.0.freebasics.com,AVAILABILITY,origin.list,origin.list,2022-04-07 05:28:46.649209,f319f62fe3598a8ee63a3fce
http-tse4-mm-bing-net.0.freebasics.com,AVAILABILITY,origin.list,origin.list,2022-04-07 05:28:55.469720,f319f62fe3598a8ee63a3fce
http-tse3-mm-bing-net.0.freebasics.com,AVAILABILITY,origin.list,origin.list,2022-04-07 05:28:57.158448,f319f62fe3598a8ee63a3fce
http-tse1-mm-bing-net.0.freebasics.com,AVAILABILITY,origin.list,origin.list,2022-04-07 05:28:54.691784,f319f62fe3598a8ee63a3fce
http-uk-ask-com.0.freebasics.com,AVAILABILITY,origin.list,origin.list,2022-04-07 05:29:06.346417,f319f62fe3598a8ee63a3fce
http-www-bing-com.0.freebasics.com,AVAILABILITY,origin.list,origin.list,2022-04-07 05:29:18.427970,f319f62fe3598a8ee63a3fce
http-wapangola-com.0.freebasics.com,AVAILABILITY,origin.list,origin.list,2022-04-07 05:29:15.192964,f319f62fe3598a8ee63a3fce
http-www-blazerwap-com.0.freebasics.com,AVAILABILITY,origin.list,origin.list,2022-04-07 05:29:19.592248,f319f62fe3598a8ee63a3fce
http-www-bbc-com.0.freebasics.com,AVAILABILITY,origin.list,origin.list,2022-04-07 05:29:20.827142,f319f62fe3598a8ee63a3fce
http-www-clikisalud-net.0.freebasics.com,AVAILABILITY,origin.list,origin.list,2022-04-07 05:29:22.724241,f319f62fe3598a8ee63a3fce
http-www-googletagmanager-com.0.freebasics.com,AVAILABILITY,origin.list,origin.list,2022-04-07 05:29:33.302077,f319f62fe3598a8ee63a3fce
http-www-espn-com.0.freebasics.com,AVAILABILITY,origin.list,origin.list,2022-04-07 05:29:41.755601,f319f62fe3598a8ee63a3fce
http-www-masrawy-com.0.freebasics.com,AVAILABILITY,origin.list,origin.list,2022-04-07 05:29:41.990036,f319f62fe3598a8ee63a3fce
http-www-olx-co-za.0.freebasics.com,AVAILABILITY,origin.list,origin.list,2022-04-07 05:29:42.046454,f319f62fe3598a8ee63a3fce
http-www-rappler-com.0.freebasics.com,AVAILABILITY,origin.list,origin.list,2022-04-07 05:29:45.990443,f319f62fe3598a8ee63a3fce
http-www-school--portal-co-uk.0.freebasics.com,AVAILABILITY,origin.list,origin.list,2022-04-07 05:29:47.582535,f319f62fe3598a8ee63a3fce
http-www-wokingham--tc-gov-uk.0.freebasics.com,AVAILABILITY,origin.list,origin.list,2022-04-07 05:29:54.222485,f319f62fe3598a8ee63a3fce
http-www-wokingham-gov-uk.0.freebasics.com,AVAILABILITY,origin.list,origin.list,2022-04-07 05:30:05.934542,f319f62fe3598a8ee63a3fce
http-www-siicex-gob-pe.0.freebasics.com,AVAILABILITY,origin.list,origin.list,2022-04-07 05:30:05.450764,f319f62fe3598a8ee63a3fce
http-www-shanpress-com.0.freebasics.com,AVAILABILITY,origin.list,origin.list,2022-04-07 05:30:08.252346,f319f62fe3598a8ee63a3fce
http-www-xorlogics-com.0.freebasics.com,AVAILABILITY,origin.list,origin.list,2022-04-07 05:30:13.933097,f319f62fe3598a8ee63a3fce
http0.freebasics.com,AVAILABILITY,origin.list,origin.list,2022-04-07 05:30:22.455421,f319f62fe3598a8ee63a3fce
https-abs-twimg-com.0.freebasics.com,AVAILABILITY,origin.list,origin.list,2022-04-07 05:30:30.509263,f319f62fe3598a8ee63a3fce
https-accounts-google-com.0.freebasics.com,AVAILABILITY,origin.list,origin.list,2022-04-07 05:30:34.479750,f319f62fe3598a8ee63a3fce
https-ar-m-wikipedia-org.0.freebasics.com,AVAILABILITY,origin.list,origin.list,2022-04-07 05:30:36.852393,f319f62fe3598a8ee63a3fce
https-en-m-wikipedia-org.0.freebasics.com,AVAILABILITY,origin.list,origin.list,2022-04-07 05:30:46.898290,f319f62fe3598a8ee63a3fce
https-commons-m-wikimedia-org.0.freebasics.com,AVAILABILITY,origin.list,origin.list,2022-04-07 05:30:44.374980,f319f62fe3598a8ee63a3fce
https-en-wikipedia-org.0.freebasics.com,AVAILABILITY,origin.list,origin.list,2022-04-07 05:30:58.934934,f319f62fe3598a8ee63a3fce
https-es-wikipedia-org.0.0.freebasics.com,AVAILABILITY,origin.list,origin.list,2022-04-07 05:31:02.789601,f319f62fe3598a8ee63a3fce
https-encrypted-google-com.0.freebasics.com,AVAILABILITY,origin.list,origin.list,2022-04-07 05:31:01.381980,f319f62fe3598a8ee63a3fce
https-es-m-wikipedia-org.0.freebasics.com,AVAILABILITY,origin.list,origin.list,2022-04-07 05:31:06.663722,f319f62fe3598a8ee63a3fce
https-free-budflick-com.0.freebasics.com,AVAILABILITY,origin.list,origin.list,2022-04-07 05:31:13.520115,f319f62fe3598a8ee63a3fce
https-fonts-googleapis-com.0.freebasics.com,AVAILABILITY,origin.list,origin.list,2022-04-07 05:31:18.102531,f319f62fe3598a8ee63a3fce
https-instabridge-com.0.freebasics.com,AVAILABILITY,origin.list,origin.list,2022-04-07 05:31:28.437642,f319f62fe3598a8ee63a3fce
https-pavilion-com-bd.0.freebasics.com,AVAILABILITY,origin.list,origin.list,2022-04-07 05:31:29.956724,f319f62fe3598a8ee63a3fce
https-m-wattpad-com.0.freebasics.com,AVAILABILITY,origin.list,origin.list,2022-04-07 05:31:33.783662,f319f62fe3598a8ee63a3fce
https-m-cricbuzz-com.0.freebasics.com,AVAILABILITY,origin.list,origin.list,2022-04-07 05:31:34.094370,f319f62fe3598a8ee63a3fce
https-m-olx-ph.0.freebasics.com,AVAILABILITY,origin.list,origin.list,2022-04-07 05:31:31.930421,f319f62fe3598a8ee63a3fce
https-sb-scorecardresearch-com.0.freebasics.com,AVAILABILITY,origin.list,origin.list,2022-04-07 05:31:48.996431,f319f62fe3598a8ee63a3fce
https-pt-m-wikipedia-org.0.freebasics.com,AVAILABILITY,origin.list,origin.list,2022-04-07 05:31:51.082595,f319f62fe3598a8ee63a3fce
https-universal-teachme-com.0.freebasics.com,AVAILABILITY,origin.list,origin.list,2022-04-07 05:31:57.393403,f319f62fe3598a8ee63a3fce
https-th-m-wikipedia-org.0.freebasics.com,AVAILABILITY,origin.list,origin.list,2022-04-07 05:31:58.430982,f319f62fe3598a8ee63a3fce
https-upload-wikimedia-org.0.1.freebasics.com,AVAILABILITY,origin.list,origin.list,2022-04-07 05:32:06.746428,f319f62fe3598a8ee63a3fce
https-upload-wikimedia-org.0.freebasics.com,AVAILABILITY,origin.list,origin.list,2022-04-07 05:32:07.288980,f319f62fe3598a8ee63a3fce
https-www-buzzfeed-com.0.freebasics.com,AVAILABILITY,origin.list,origin.list,2022-04-07 05:32:12.573926,f319f62fe3598a8ee63a3fce
https-www-wattpad-com.0.freebasics.com,AVAILABILITY,origin.list,origin.list,2022-04-07 05:32:21.189877,f319f62fe3598a8ee63a3fce
https-www-google-com-ph.0.freebasics.com,AVAILABILITY,origin.list,origin.list,2022-04-07 05:32:22.840351,f319f62fe3598a8ee63a3fce
https-www-wikihow-com.0.freebasics.com,AVAILABILITY,origin.list,origin.list,2022-04-07 05:32:29.722928,f319f62fe3598a8ee63a3fce
https-youtube-com.0.freebasics.com,AVAILABILITY,origin.list,origin.list,2022-04-07 05:32:36.603292,f319f62fe3598a8ee63a3fce
https0.freebasics.com,AVAILABILITY,origin.list,origin.list,2022-04-07 05:32:37.376965,f319f62fe3598a8ee63a3fce
httpshttp-www-googlehiphop-com.0.freebasics.com,AVAILABILITY,origin.list,origin.list,2022-04-07 05:32:45.017316,f319f62fe3598a8ee63a3fce
httpwww.freebasics.com,AVAILABILITY,origin.list,origin.list,2022-04-07 05:32:48.504868,f319f62fe3598a8ee63a3fce
indosat.freebasics.com,AVAILABILITY,origin.list,origin.list,2022-04-07 05:32:50.178251,f319f62fe3598a8ee63a3fce
i.freebasics.com,AVAILABILITY,origin.list,origin.list,2022-04-07 05:32:54.634400,f319f62fe3598a8ee63a3fce
imap4.freebasics.com,AVAILABILITY,origin.list,origin.list,2022-04-07 05:32:58.803052,f319f62fe3598a8ee63a3fce
inyour.freebasics.com,AVAILABILITY,origin.list,origin.list,2022-04-07 05:33:06.224183,f319f62fe3598a8ee63a3fce
info.freebasics.com,AVAILABILITY,origin.list,origin.list,2022-04-07 05:33:09.146012,f319f62fe3598a8ee63a3fce
jira.freebasics.com,AVAILABILITY,origin.list,origin.list,2022-04-07 05:33:11.439462,f319f62fe3598a8ee63a3fce
intern.freebasics.com,AVAILABILITY,origin.list,origin.list,2022-04-07 05:33:17.453913,f319f62fe3598a8ee63a3fce
l0.freebasics.com,AVAILABILITY,origin.list,origin.list,2022-04-07 05:33:19.589415,f319f62fe3598a8ee63a3fce
m-merdeka-com.0.freebasics.com,AVAILABILITY,origin.list,origin.list,2022-04-07 05:33:20.456929,f319f62fe3598a8ee63a3fce
latest.freebasics.com,AVAILABILITY,origin.list,origin.list,2022-04-07 05:33:25.871033,f319f62fe3598a8ee63a3fce
lt-lt.freebasics.com,AVAILABILITY,origin.list,origin.list,2022-04-07 05:33:28.448171,f319f62fe3598a8ee63a3fce
m-olx-co-id.0.freebasics.com,AVAILABILITY,origin.list,origin.list,2022-04-07 05:33:28.877277,f319f62fe3598a8ee63a3fce
m.dw-com.0.freebasics.com,AVAILABILITY,origin.list,origin.list,2022-04-07 05:33:32.243099,f319f62fe3598a8ee63a3fce
m.accuweather.com.0.freebasics.com,AVAILABILITY,origin.list,origin.list,2022-04-07 05:33:36.392549,f319f62fe3598a8ee63a3fce
m.dwcom.0.freebasics.com,AVAILABILITY,origin.list,origin.list,2022-04-07 05:33:38.572859,f319f62fe3598a8ee63a3fce
m.dw.com.0.freebasics.com,AVAILABILITY,origin.list,origin.list,2022-04-07 05:33:44.032166,f319f62fe3598a8ee63a3fce
m.freebasics.com,AVAILABILITY,origin.list,origin.list,2022-04-07 05:33:44.748316,f319f62fe3598a8ee63a3fce
m.wikihow.com.0.freebasics.com,AVAILABILITY,origin.list,origin.list,2022-04-07 05:33:49.672867,f319f62fe3598a8ee63a3fce
mail.freebasics.com,AVAILABILITY,origin.list,origin.list,2022-04-07 05:33:52.022393,f319f62fe3598a8ee63a3fce
mdw-com.0.freebasics.com,AVAILABILITY,origin.list,origin.list,2022-04-07 05:33:54.758807,f319f62fe3598a8ee63a3fce
m.wpglobe.com0.freebasics.com,AVAILABILITY,origin.list,origin.list,2022-04-07 05:33:56.914372,f319f62fe3598a8ee63a3fce
members.freebasics.com,AVAILABILITY,origin.list,origin.list,2022-04-07 05:34:05.971457,f319f62fe3598a8ee63a3fce
mlgame.freebasics.com,AVAILABILITY,origin.list,origin.list,2022-04-07 05:34:12.258338,f319f62fe3598a8ee63a3fce
mobi.freebasics.com,AVAILABILITY,origin.list,origin.list,2022-04-07 05:34:12.345022,f319f62fe3598a8ee63a3fce
mobile.asafziv.sb.freebasics.com,AVAILABILITY,origin.list,origin.list,2022-04-07 05:34:17.854080,f319f62fe3598a8ee63a3fce
mobile.freebasics.com,AVAILABILITY,origin.list,origin.list,2022-04-07 05:34:20.165592,f319f62fe3598a8ee63a3fce
mobilelife.co.th.0.freebasics.com,AVAILABILITY,origin.list,origin.list,2022-04-07 05:34:24.336037,f319f62fe3598a8ee63a3fce
mycb-ml.0.freebasics.com,AVAILABILITY,origin.list,origin.list,2022-04-07 05:34:24.408035,f319f62fe3598a8ee63a3fce
ndosat.freebasics.com,AVAILABILITY,origin.list,origin.list,2022-04-07 05:34:33.381632,f319f62fe3598a8ee63a3fce
mx.freebasics.com,AVAILABILITY,origin.list,origin.list,2022-04-07 05:34:34.778311,f319f62fe3598a8ee63a3fce
new.freebasics.com,AVAILABILITY,origin.list,origin.list,2022-04-07 05:34:39.588298,f319f62fe3598a8ee63a3fce
n0.freebasics.com,AVAILABILITY,origin.list,origin.list,2022-04-07 05:34:40.830831,f319f62fe3598a8ee63a3fce
nfree.freebasics.com,AVAILABILITY,origin.list,origin.list,2022-04-07 05:34:47.638171,f319f62fe3598a8ee63a3fce
nl-nl.freebasics.com,AVAILABILITY,origin.list,origin.list,2022-04-07 05:34:48.525134,f319f62fe3598a8ee63a3fce
nullmx.freebasics.com,AVAILABILITY,origin.list,origin.list,2022-04-07 05:34:58.847796,f319f62fe3598a8ee63a3fce
office.freebasics.com,AVAILABILITY,origin.list,origin.list,2022-04-07 05:35:02.948945,f319f62fe3598a8ee63a3fce
nzero.freebasics.com,AVAILABILITY,origin.list,origin.list,2022-04-07 05:35:04.873774,f319f62fe3598a8ee63a3fce
o.freebasics.com,AVAILABILITY,origin.list,origin.list,2022-04-07 05:35:05.305837,f319f62fe3598a8ee63a3fce
openconnect.freebasics.com,AVAILABILITY,origin.list,origin.list,2022-04-07 05:35:10.229329,f319f62fe3598a8ee63a3fce
pop.freebasics.com,AVAILABILITY,origin.list,origin.list,2022-04-07 05:35:27.859442,f319f62fe3598a8ee63a3fce
pop3.freebasics.com,AVAILABILITY,origin.list,origin.list,2022-04-07 05:35:27.942060,f319f62fe3598a8ee63a3fce
p.freebasics.com,AVAILABILITY,origin.list,origin.list,2022-04-07 05:35:26.214770,f319f62fe3598a8ee63a3fce
postmaster.freebasics.com,AVAILABILITY,origin.list,origin.list,2022-04-07 05:35:32.075281,f319f62fe3598a8ee63a3fce
prod.freebasics.com,AVAILABILITY,origin.list,origin.list,2022-04-07 05:35:35.013876,f319f62fe3598a8ee63a3fce
remote.freebasics.com,AVAILABILITY,origin.list,origin.list,2022-04-07 05:35:47.084088,f319f62fe3598a8ee63a3fce
pt-br.freebasics.com,AVAILABILITY,origin.list,origin.list,2022-04-07 05:37:07.706436,f319f62fe3598a8ee63a3fce
s.freebasics.com,AVAILABILITY,origin.list,origin.list,2022-04-07 05:37:08.239307,f319f62fe3598a8ee63a3fce
server-443.freebasics.com,AVAILABILITY,origin.list,origin.list,2022-04-07 05:37:08.890286,f319f62fe3598a8ee63a3fce
server-3128.freebasics.com,AVAILABILITY,origin.list,origin.list,2022-04-07 05:37:09.442956,f319f62fe3598a8ee63a3fce
server-8080.freebasics.com,AVAILABILITY,origin.list,origin.list,2022-04-07 05:37:17.727966,f319f62fe3598a8ee63a3fce
simlator.freebasics.com,AVAILABILITY,origin.list,origin.list,2022-04-07 05:37:24.500334,f319f62fe3598a8ee63a3fce
simulator.c10r.freebasics.com,AVAILABILITY,origin.list,origin.list,2022-04-07 05:37:24.518077,f319f62fe3598a8ee63a3fce
simulator.freebasics.com,AVAILABILITY,origin.list,origin.list,2022-04-07 05:37:28.881183,f319f62fe3598a8ee63a3fce
stg.freebasics.com,AVAILABILITY,origin.list,origin.list,2022-04-07 05:37:36.944321,f319f62fe3598a8ee63a3fce
smtp.freebasics.com,AVAILABILITY,origin.list,origin.list,2022-04-07 05:37:37.725171,f319f62fe3598a8ee63a3fce
simulator.intern.freebasics.com,AVAILABILITY,origin.list,origin.list,2022-04-07 05:37:40.889022,f319f62fe3598a8ee63a3fce
srv.freebasics.com,AVAILABILITY,origin.list,origin.list,2022-04-07 05:37:41.820867,f319f62fe3598a8ee63a3fce
store.freebasics.com,AVAILABILITY,origin.list,origin.list,2022-04-07 05:37:47.183267,f319f62fe3598a8ee63a3fce
support.freebasics.com,AVAILABILITY,origin.list,origin.list,2022-04-07 05:37:48.112082,f319f62fe3598a8ee63a3fce
tr-tr.freebasics.com,AVAILABILITY,origin.list,origin.list,2022-04-07 05:37:51.814113,f319f62fe3598a8ee63a3fce
telkomsel.freebasics.com,AVAILABILITY,origin.list,origin.list,2022-04-07 05:37:55.143164,f319f62fe3598a8ee63a3fce
truemoveh.truecorp.co.th.0.freebasics.com,AVAILABILITY,origin.list,origin.list,2022-04-07 05:37:56.790771,f319f62fe3598a8ee63a3fce
trunkstable.freebasics.com,AVAILABILITY,origin.list,origin.list,2022-04-07 05:37:58.822488,f319f62fe3598a8ee63a3fce
truemoveh.0.co.th.0.freebasics.com,AVAILABILITY,origin.list,origin.list,2022-04-07 05:37:59.223886,f319f62fe3598a8ee63a3fce
unauthorized.freebasics.com,AVAILABILITY,origin.list,origin.list,2022-04-07 05:38:07.696438,f319f62fe3598a8ee63a3fce
tsel.freebasics.com,AVAILABILITY,origin.list,origin.list,2022-04-07 05:38:09.597045,f319f62fe3598a8ee63a3fce
v.freebasics.com,AVAILABILITY,origin.list,origin.list,2022-04-07 05:38:10.976646,f319f62fe3598a8ee63a3fce
tz-gem-unicore-io.0.freebasics.com,AVAILABILITY,origin.list,origin.list,2022-04-07 05:38:13.086837,f319f62fe3598a8ee63a3fce
us-en.freebasics.com,AVAILABILITY,origin.list,origin.list,2022-04-07 05:38:16.646755,f319f62fe3598a8ee63a3fce
whm.freebasics.com,AVAILABILITY,origin.list,origin.list,2022-04-07 05:38:25.430836,f319f62fe3598a8ee63a3fce
w1.freebasics.com,AVAILABILITY,origin.list,origin.list,2022-04-07 05:38:26.061216,f319f62fe3598a8ee63a3fce
w3.freebasics.com,AVAILABILITY,origin.list,origin.list,2022-04-07 05:38:28.334555,f319f62fe3598a8ee63a3fce
wap.freebasics.com,AVAILABILITY,origin.list,origin.list,2022-04-07 05:38:29.977784,f319f62fe3598a8ee63a3fce
wikihow.com.0.freebasics.com,AVAILABILITY,origin.list,origin.list,2022-04-07 05:38:35.209789,f319f62fe3598a8ee63a3fce
wp.freebasics.com,AVAILABILITY,origin.list,origin.list,2022-04-07 05:38:46.032187,f319f62fe3598a8ee63a3fce
www-google-co-zm.0.freebasics.com,AVAILABILITY,origin.list,origin.list,2022-04-07 05:38:46.993672,f319f62fe3598a8ee63a3fce
ww2.freebasics.com,AVAILABILITY,origin.list,origin.list,2022-04-07 05:38:47.271562,f319f62fe3598a8ee63a3fce
www-espncricinfo-com.0.freebasics.com,AVAILABILITY,origin.list,origin.list,2022-04-07 05:38:48.279401,f319f62fe3598a8ee63a3fce
www-naij-com.0.freebasics.com,AVAILABILITY,origin.list,origin.list,2022-04-07 05:38:52.396949,f319f62fe3598a8ee63a3fce
www.cancealne.com.0.freebasics.com,AVAILABILITY,origin.list,origin.list,2022-04-07 05:39:01.795682,f319f62fe3598a8ee63a3fce
www.bbc.co.uk.0.freebasics.com,AVAILABILITY,origin.list,origin.list,2022-04-07 05:39:02.724528,f319f62fe3598a8ee63a3fce
www.airtel.freebasics.com,AVAILABILITY,origin.list,origin.list,2022-04-07 05:39:03.482038,f319f62fe3598a8ee63a3fce
www.0.freebasics.com,AVAILABILITY,origin.list,origin.list,2022-04-07 05:39:08.140068,f319f62fe3598a8ee63a3fce
www.0.mx.freebasics.com,AVAILABILITY,origin.list,origin.list,2022-04-07 05:39:08.284599,f319f62fe3598a8ee63a3fce
www.freebasics.com,AVAILABILITY,origin.list,origin.list,2022-04-07 05:39:21.880778,f319f62fe3598a8ee63a3fce
www.www.0.mx.freebasics.com,AVAILABILITY,origin.list,origin.list,2022-04-07 05:39:23.390805,f319f62fe3598a8ee63a3fce
www.dictionary.com.0.freebasics.com,AVAILABILITY,origin.list,origin.list,2022-04-07 05:39:23.726732,f319f62fe3598a8ee63a3fce
youtube.freebasics.com,AVAILABILITY,origin.list,origin.list,2022-04-07 05:39:25.705995,f319f62fe3598a8ee63a3fce
z.freebasics.com,AVAILABILITY,origin.list,origin.list,2022-04-07 05:39:27.230949,f319f62fe3598a8ee63a3fce
0.i.org,AVAILABILITY,origin.list,origin.list,2022-04-07 05:39:35.893080,f319f62fe3598a8ee63a3fce
zero.server80.freebasics.com,AVAILABILITY,origin.list,origin.list,2022-04-07 05:39:42.400462,f319f62fe3598a8ee63a3fce
zero.freebasics.com,AVAILABILITY,origin.list,origin.list,2022-04-07 05:39:45.488974,f319f62fe3598a8ee63a3fce
7.i.org,AVAILABILITY,origin.list,origin.list,2022-04-07 05:39:47.289380,f319f62fe3598a8ee63a3fce
24sm.i.org,AVAILABILITY,origin.list,origin.list,2022-04-07 05:39:48.372029,f319f62fe3598a8ee63a3fce
3dd.top.i.org,AVAILABILITY,origin.list,origin.list,2022-04-07 05:39:52.246711,f319f62fe3598a8ee63a3fce
aaaa.i.org,AVAILABILITY,origin.list,origin.list,2022-04-07 05:39:58.795031,f319f62fe3598a8ee63a3fce
aaa.i.org,AVAILABILITY,origin.list,origin.list,2022-04-07 05:40:00.524173,f319f62fe3598a8ee63a3fce
acaa.i.org,AVAILABILITY,origin.list,origin.list,2022-04-07 05:40:09.253508,f319f62fe3598a8ee63a3fce
ab.i.org,AVAILABILITY,origin.list,origin.list,2022-04-07 05:40:09.907139,f319f62fe3598a8ee63a3fce
accessnet.i.org,AVAILABILITY,origin.list,origin.list,2022-04-07 05:40:11.529646,f319f62fe3598a8ee63a3fce
ae.i.org,AVAILABILITY,origin.list,origin.list,2022-04-07 05:40:13.106681,f319f62fe3598a8ee63a3fce
acs.i.org,AVAILABILITY,origin.list,origin.list,2022-04-07 05:40:19.824630,f319f62fe3598a8ee63a3fce
aipp.i.org,AVAILABILITY,origin.list,origin.list,2022-04-07 05:40:29.162904,f319f62fe3598a8ee63a3fce
airnowap.i.org,AVAILABILITY,origin.list,origin.list,2022-04-07 05:40:30.783330,f319f62fe3598a8ee63a3fce
albankaldawl.i.org,AVAILABILITY,origin.list,origin.list,2022-04-07 05:40:32.433589,f319f62fe3598a8ee63a3fce
almiwzl.i.org,AVAILABILITY,origin.list,origin.list,2022-04-07 05:40:33.933515,f319f62fe3598a8ee63a3fce
alpar.i.org,AVAILABILITY,origin.list,origin.list,2022-04-07 05:40:36.445244,f319f62fe3598a8ee63a3fce
ans.i.org,AVAILABILITY,origin.list,origin.list,2022-04-07 05:40:45.631295,f319f62fe3598a8ee63a3fce
amah.i.org,AVAILABILITY,origin.list,origin.list,2022-04-07 05:40:49.009799,f319f62fe3598a8ee63a3fce
ap.i.org,AVAILABILITY,origin.list,origin.list,2022-04-07 05:40:49.757498,f319f62fe3598a8ee63a3fce
appalt.i.org,AVAILABILITY,origin.list,origin.list,2022-04-07 05:40:51.807594,f319f62fe3598a8ee63a3fce
autistic.i.org,AVAILABILITY,origin.list,origin.list,2022-04-07 05:40:53.239678,f319f62fe3598a8ee63a3fce
bancamontedeipasch.i.org,AVAILABILITY,origin.list,origin.list,2022-04-07 05:40:59.633148,f319f62fe3598a8ee63a3fce
ba.i.org,AVAILABILITY,origin.list,origin.list,2022-04-07 05:41:05.201031,f319f62fe3598a8ee63a3fce
baili.i.org,AVAILABILITY,origin.list,origin.list,2022-04-07 05:41:08.018115,f319f62fe3598a8ee63a3fce
bancamontepasch.i.org,AVAILABILITY,origin.list,origin.list,2022-04-07 05:41:10.325289,f319f62fe3598a8ee63a3fce
bics.i.org,AVAILABILITY,origin.list,origin.list,2022-04-07 05:41:12.378578,f319f62fe3598a8ee63a3fce
bookf.i.org,AVAILABILITY,origin.list,origin.list,2022-04-07 05:41:19.309351,f319f62fe3598a8ee63a3fce
bitnam.i.org,AVAILABILITY,origin.list,origin.list,2022-04-07 05:41:19.878721,f319f62fe3598a8ee63a3fce
c.i.org,AVAILABILITY,origin.list,origin.list,2022-04-07 05:41:20.344212,f319f62fe3598a8ee63a3fce
canli.i.org,AVAILABILITY,origin.list,origin.list,2022-04-07 05:41:25.058890,f319f62fe3598a8ee63a3fce
cgsikcuek.i.org,AVAILABILITY,origin.list,origin.list,2022-04-07 05:41:34.249966,f319f62fe3598a8ee63a3fce
cdn-globe.0.i.org,AVAILABILITY,origin.list,origin.list,2022-04-07 05:41:35.185168,f319f62fe3598a8ee63a3fce
cftn.i.org,AVAILABILITY,origin.list,origin.list,2022-04-07 05:41:40.652135,f319f62fe3598a8ee63a3fce
charl.i.org,AVAILABILITY,origin.list,origin.list,2022-04-07 05:41:40.777096,f319f62fe3598a8ee63a3fce
cirpem.i.org,AVAILABILITY,origin.list,origin.list,2022-04-07 05:41:45.551575,f319f62fe3598a8ee63a3fce
content-available-to-author-only.i.org,AVAILABILITY,origin.list,origin.list,2022-04-07 05:41:52.626612,f319f62fe3598a8ee63a3fce
co.i.org,AVAILABILITY,origin.list,origin.list,2022-04-07 05:41:55.671432,f319f62fe3598a8ee63a3fce
distances.i.org,AVAILABILITY,origin.list,origin.list,2022-04-07 05:41:58.225356,f319f62fe3598a8ee63a3fce
dc.i.org,AVAILABILITY,origin.list,origin.list,2022-04-07 05:42:04.469728,f319f62fe3598a8ee63a3fce
dlxodud1719.i.org,AVAILABILITY,origin.list,origin.list,2022-04-07 05:42:09.557180,f319f62fe3598a8ee63a3fce
dscvr.i.org,AVAILABILITY,origin.list,origin.list,2022-04-07 05:42:09.739155,f319f62fe3598a8ee63a3fce
dokuwik.i.org,AVAILABILITY,origin.list,origin.list,2022-04-07 05:42:14.637220,f319f62fe3598a8ee63a3fce
e-henta.i.org,AVAILABILITY,origin.list,origin.list,2022-04-07 05:42:19.865285,f319f62fe3598a8ee63a3fce
ejglrscmnvbqjgfryift.i.org,AVAILABILITY,origin.list,origin.list,2022-04-07 05:42:21.642783,f319f62fe3598a8ee63a3fce
ej.i.org,AVAILABILITY,origin.list,origin.list,2022-04-07 05:42:28.705299,f319f62fe3598a8ee63a3fce
ep.i.org,AVAILABILITY,origin.list,origin.list,2022-04-07 05:42:32.088787,f319f62fe3598a8ee63a3fce
eurok.i.org,AVAILABILITY,origin.list,origin.list,2022-04-07 05:42:36.750338,f319f62fe3598a8ee63a3fce
equinit.i.org,AVAILABILITY,origin.list,origin.list,2022-04-07 05:42:39.082536,f319f62fe3598a8ee63a3fce
ethx.i.org,AVAILABILITY,origin.list,origin.list,2022-04-07 05:42:43.872282,f319f62fe3598a8ee63a3fce
exhenta.i.org,AVAILABILITY,origin.list,origin.list,2022-04-07 05:42:45.427705,f319f62fe3598a8ee63a3fce
fa.i.org,AVAILABILITY,origin.list,origin.list,2022-04-07 05:42:53.247292,f319f62fe3598a8ee63a3fce
fastaccess.net.i.org,AVAILABILITY,origin.list,origin.list,2022-04-07 05:42:55.058479,f319f62fe3598a8ee63a3fce
fe.i.org,AVAILABILITY,origin.list,origin.list,2022-04-07 05:42:59.369788,f319f62fe3598a8ee63a3fce
fatf-gaf.i.org,AVAILABILITY,origin.list,origin.list,2022-04-07 05:43:03.453499,f319f62fe3598a8ee63a3fce
felin.i.org,AVAILABILITY,origin.list,origin.list,2022-04-07 05:43:10.142951,f319f62fe3598a8ee63a3fce
filmakines.i.org,AVAILABILITY,origin.list,origin.list,2022-04-07 05:43:15.322260,f319f62fe3598a8ee63a3fce
ffcpnul.i.org,AVAILABILITY,origin.list,origin.list,2022-04-07 05:43:17.226451,f319f62fe3598a8ee63a3fce
forensicswik.i.org,AVAILABILITY,origin.list,origin.list,2022-04-07 05:43:24.593244,f319f62fe3598a8ee63a3fce
fos.i.org,AVAILABILITY,origin.list,origin.list,2022-04-07 05:43:26.356253,f319f62fe3598a8ee63a3fce
gamebytes.i.org,AVAILABILITY,origin.list,origin.list,2022-04-07 05:43:29.020070,f319f62fe3598a8ee63a3fce
gamebeyts.ph.i.org,AVAILABILITY,origin.list,origin.list,2022-04-07 05:43:31.455051,f319f62fe3598a8ee63a3fce
g.i.org,AVAILABILITY,origin.list,origin.list,2022-04-07 05:43:31.695078,f319f62fe3598a8ee63a3fce
gcore.game.i.org,AVAILABILITY,origin.list,origin.list,2022-04-07 05:43:43.716083,f319f62fe3598a8ee63a3fce
gamebytes.ph.i.org,AVAILABILITY,origin.list,origin.list,2022-04-07 05:43:45.231811,f319f62fe3598a8ee63a3fce
gegabytes.game.i.org,AVAILABILITY,origin.list,origin.list,2022-04-07 05:43:48.060337,f319f62fe3598a8ee63a3fce
google-com.0.i.org,AVAILABILITY,origin.list,origin.list,2022-04-07 05:43:49.439904,f319f62fe3598a8ee63a3fce
google.com.0.i.org,AVAILABILITY,origin.list,origin.list,2022-04-07 05:43:50.167422,f319f62fe3598a8ee63a3fce
gruppomontepasch.i.org,AVAILABILITY,origin.list,origin.list,2022-04-07 05:44:04.085485,f319f62fe3598a8ee63a3fce
h.i.org,AVAILABILITY,origin.list,origin.list,2022-04-07 05:44:06.944931,f319f62fe3598a8ee63a3fce
hc.i.org,AVAILABILITY,origin.list,origin.list,2022-04-07 05:44:08.256372,f319f62fe3598a8ee63a3fce
hdegediz.i.org,AVAILABILITY,origin.list,origin.list,2022-04-07 05:44:09.039543,f319f62fe3598a8ee63a3fce
hdizlefilm.i.org,AVAILABILITY,origin.list,origin.list,2022-04-07 05:44:13.100426,f319f62fe3598a8ee63a3fce
hergundiz.i.org,AVAILABILITY,origin.list,origin.list,2022-04-07 05:44:17.977878,f319f62fe3598a8ee63a3fce
hrc.i.org,AVAILABILITY,origin.list,origin.list,2022-04-07 05:44:21.246045,f319f62fe3598a8ee63a3fce
hoshinorom.i.org,AVAILABILITY,origin.list,origin.list,2022-04-07 05:44:23.088683,f319f62fe3598a8ee63a3fce
hhm.i.org,AVAILABILITY,origin.list,origin.list,2022-04-07 05:44:28.636440,f319f62fe3598a8ee63a3fce
http-globe-com.0.i.org,AVAILABILITY,origin.list,origin.list,2022-04-07 05:44:30.703392,f319f62fe3598a8ee63a3fce
hs.i.org,AVAILABILITY,origin.list,origin.list,2022-04-07 05:44:34.526128,f319f62fe3598a8ee63a3fce
http-shaikhchat-wap--ka-com.0.i.org,AVAILABILITY,origin.list,origin.list,2022-04-07 05:44:40.946580,f319f62fe3598a8ee63a3fce
https-0-freebasics-com.0.i.org,AVAILABILITY,origin.list,origin.list,2022-04-07 05:44:42.238472,f319f62fe3598a8ee63a3fce
https-www-google-com-ph.0.i.org,AVAILABILITY,origin.list,origin.list,2022-04-07 05:44:48.157688,f319f62fe3598a8ee63a3fce
httpsecurevirus.i.org,AVAILABILITY,origin.list,origin.list,2022-04-07 05:44:48.765420,f319f62fe3598a8ee63a3fce
i.i.i.org,AVAILABILITY,origin.list,origin.list,2022-04-07 05:44:49.278756,f319f62fe3598a8ee63a3fce
ics.i.org,AVAILABILITY,origin.list,origin.list,2022-04-07 05:44:56.589013,f319f62fe3598a8ee63a3fce
jc.i.org,AVAILABILITY,origin.list,origin.list,2022-04-07 05:44:58.382959,f319f62fe3598a8ee63a3fce
ii.i.org,AVAILABILITY,origin.list,origin.list,2022-04-07 05:45:01.280745,f319f62fe3598a8ee63a3fce
ituc-cs.i.org,AVAILABILITY,origin.list,origin.list,2022-04-07 05:45:07.919130,f319f62fe3598a8ee63a3fce
inokhrk.i.org,AVAILABILITY,origin.list,origin.list,2022-04-07 05:45:08.660497,f319f62fe3598a8ee63a3fce
jeffspicol.i.org,AVAILABILITY,origin.list,origin.list,2022-04-07 05:45:18.204471,f319f62fe3598a8ee63a3fce
jenkins-c.i.org,AVAILABILITY,origin.list,origin.list,2022-04-07 05:45:21.495595,f319f62fe3598a8ee63a3fce
jjfoknt.i.org,AVAILABILITY,origin.list,origin.list,2022-04-07 05:45:22.167951,f319f62fe3598a8ee63a3fce
jneurosc.i.org,AVAILABILITY,origin.list,origin.list,2022-04-07 05:45:24.041417,f319f62fe3598a8ee63a3fce
jjhgh.i.org,AVAILABILITY,origin.list,origin.list,2022-04-07 05:45:27.338647,f319f62fe3598a8ee63a3fce
k.i.org,AVAILABILITY,origin.list,origin.list,2022-04-07 05:45:31.809674,f319f62fe3598a8ee63a3fce
jw-ap.i.org,AVAILABILITY,origin.list,origin.list,2022-04-07 05:45:37.671418,f319f62fe3598a8ee63a3fce
kkzujdz.i.org,AVAILABILITY,origin.list,origin.list,2022-04-07 05:45:39.135557,f319f62fe3598a8ee63a3fce
kinoprof.i.org,AVAILABILITY,origin.list,origin.list,2022-04-07 05:45:41.416309,f319f62fe3598a8ee63a3fce
km.i.org,AVAILABILITY,origin.list,origin.list,2022-04-07 05:45:46.734704,f319f62fe3598a8ee63a3fce
kuakin.i.org,AVAILABILITY,origin.list,origin.list,2022-04-07 05:45:50.799028,f319f62fe3598a8ee63a3fce
lll.i.org,AVAILABILITY,origin.list,origin.list,2022-04-07 05:45:53.413485,f319f62fe3598a8ee63a3fce
lghnjpm.i.org,AVAILABILITY,origin.list,origin.list,2022-04-07 05:45:56.433926,f319f62fe3598a8ee63a3fce
likhar.i.org,AVAILABILITY,origin.list,origin.list,2022-04-07 05:45:57.506145,f319f62fe3598a8ee63a3fce
lp.i.org,AVAILABILITY,origin.list,origin.list,2022-04-07 05:46:03.132733,f319f62fe3598a8ee63a3fce
m-dscvr.i.org,AVAILABILITY,origin.list,origin.list,2022-04-07 05:46:04.719952,f319f62fe3598a8ee63a3fce
mediawik.i.org,AVAILABILITY,origin.list,origin.list,2022-04-07 05:46:10.650724,f319f62fe3598a8ee63a3fce
memr.i.org,AVAILABILITY,origin.list,origin.list,2022-04-07 05:46:16.748084,f319f62fe3598a8ee63a3fce
methongtha.i.org,AVAILABILITY,origin.list,origin.list,2022-04-07 05:46:18.086213,f319f62fe3598a8ee63a3fce
mobile.i.org,AVAILABILITY,origin.list,origin.list,2022-04-07 05:46:24.750356,f319f62fe3598a8ee63a3fce
minghu.i.org,AVAILABILITY,origin.list,origin.list,2022-04-07 05:46:25.214503,f319f62fe3598a8ee63a3fce
mkgandh.i.org,AVAILABILITY,origin.list,origin.list,2022-04-07 05:46:26.094966,f319f62fe3598a8ee63a3fce
mountsina.i.org,AVAILABILITY,origin.list,origin.list,2022-04-07 05:46:31.806558,f319f62fe3598a8ee63a3fce
nach.i.org,AVAILABILITY,origin.list,origin.list,2022-04-07 05:46:35.856464,f319f62fe3598a8ee63a3fce
montedeipasch.i.org,AVAILABILITY,origin.list,origin.list,2022-04-07 05:46:36.494286,f319f62fe3598a8ee63a3fce
net.i.org,AVAILABILITY,origin.list,origin.list,2022-04-07 05:46:44.400510,f319f62fe3598a8ee63a3fce
new.i.org,AVAILABILITY,origin.list,origin.list,2022-04-07 05:46:45.685399,f319f62fe3598a8ee63a3fce
nflalumn.i.org,AVAILABILITY,origin.list,origin.list,2022-04-07 05:46:49.267094,f319f62fe3598a8ee63a3fce
nt.i.org,AVAILABILITY,origin.list,origin.list,2022-04-07 05:46:54.093921,f319f62fe3598a8ee63a3fce
o.i.org,AVAILABILITY,origin.list,origin.list,2022-04-07 05:46:56.578506,f319f62fe3598a8ee63a3fce
ol.i.org,AVAILABILITY,origin.list,origin.list,2022-04-07 05:47:02.527873,f319f62fe3598a8ee63a3fce
oglint.i.org,AVAILABILITY,origin.list,origin.list,2022-04-07 05:47:06.162860,f319f62fe3598a8ee63a3fce
oopperabalett.i.org,AVAILABILITY,origin.list,origin.list,2022-04-07 05:47:12.510198,f319f62fe3598a8ee63a3fce
openpl.i.org,AVAILABILITY,origin.list,origin.list,2022-04-07 05:47:15.684602,f319f62fe3598a8ee63a3fce
pailong.i.org,AVAILABILITY,origin.list,origin.list,2022-04-07 05:47:15.896460,f319f62fe3598a8ee63a3fce
ph.i.org,AVAILABILITY,origin.list,origin.list,2022-04-07 05:47:25.927252,f319f62fe3598a8ee63a3fce
phyw.i.org,AVAILABILITY,origin.list,origin.list,2022-04-07 05:47:27.251404,f319f62fe3598a8ee63a3fce
pm.i.org,AVAILABILITY,origin.list,origin.list,2022-04-07 05:47:30.931164,f319f62fe3598a8ee63a3fce
ppa.i.org,AVAILABILITY,origin.list,origin.list,2022-04-07 05:47:30.971731,f319f62fe3598a8ee63a3fce
ptushk.i.org,AVAILABILITY,origin.list,origin.list,2022-04-07 05:47:31.575388,f319f62fe3598a8ee63a3fce
pybfzjs.i.org,AVAILABILITY,origin.list,origin.list,2022-04-07 05:47:45.081048,f319f62fe3598a8ee63a3fce
qcr.i.org,AVAILABILITY,origin.list,origin.list,2022-04-07 05:47:46.407585,f319f62fe3598a8ee63a3fce
raspberryp.i.org,AVAILABILITY,origin.list,origin.list,2022-04-07 05:47:46.742647,f319f62fe3598a8ee63a3fce
rand.i.org,AVAILABILITY,origin.list,origin.list,2022-04-07 05:47:48.899198,f319f62fe3598a8ee63a3fce
qwerxtkqnmbcjjymg.i.org,AVAILABILITY,origin.list,origin.list,2022-04-07 05:47:49.313778,f319f62fe3598a8ee63a3fce
rationalwik.i.org,AVAILABILITY,origin.list,origin.list,2022-04-07 05:48:06.085322,f319f62fe3598a8ee63a3fce
rt.i.org,AVAILABILITY,origin.list,origin.list,2022-04-07 05:48:06.139837,f319f62fe3598a8ee63a3fce
salsal.i.org,AVAILABILITY,origin.list,origin.list,2022-04-07 05:48:06.673429,f319f62fe3598a8ee63a3fce
semantic-mediawik.i.org,AVAILABILITY,origin.list,origin.list,2022-04-07 05:48:08.933599,f319f62fe3598a8ee63a3fce
sektor.i.org,AVAILABILITY,origin.list,origin.list,2022-04-07 05:48:09.583930,f319f62fe3598a8ee63a3fce
siteap.i.org,AVAILABILITY,origin.list,origin.list,2022-04-07 05:48:17.490532,f319f62fe3598a8ee63a3fce
soeqmucougo.i.org,AVAILABILITY,origin.list,origin.list,2022-04-07 05:48:18.781031,f319f62fe3598a8ee63a3fce
soapu.i.org,AVAILABILITY,origin.list,origin.list,2022-04-07 05:48:19.978114,f319f62fe3598a8ee63a3fce
shikimor.i.org,AVAILABILITY,origin.list,origin.list,2022-04-07 05:48:23.440816,f319f62fe3598a8ee63a3fce
specchiodeitemp.i.org,AVAILABILITY,origin.list,origin.list,2022-04-07 05:48:28.427935,f319f62fe3598a8ee63a3fce
soccerwik.i.org,AVAILABILITY,origin.list,origin.list,2022-04-07 05:48:28.465283,f319f62fe3598a8ee63a3fce
sportsc.i.org,AVAILABILITY,origin.list,origin.list,2022-04-07 05:48:32.238401,f319f62fe3598a8ee63a3fce
som.i.org,AVAILABILITY,origin.list,origin.list,2022-04-07 05:48:35.705693,f319f62fe3598a8ee63a3fce
speedbytes.game.i.org,AVAILABILITY,origin.list,origin.list,2022-04-07 05:48:37.105541,f319f62fe3598a8ee63a3fce
sudokuwik.i.org,AVAILABILITY,origin.list,origin.list,2022-04-07 05:48:43.778321,f319f62fe3598a8ee63a3fce
superman.i.org,AVAILABILITY,origin.list,origin.list,2022-04-07 05:48:46.651876,f319f62fe3598a8ee63a3fce
swr.i.org,AVAILABILITY,origin.list,origin.list,2022-04-07 05:48:47.600132,f319f62fe3598a8ee63a3fce
telstra.gamebytes.ph.i.org,AVAILABILITY,origin.list,origin.list,2022-04-07 05:48:55.320195,f319f62fe3598a8ee63a3fce
tbgwyzm.i.org,AVAILABILITY,origin.list,origin.list,2022-04-07 05:48:55.513521,f319f62fe3598a8ee63a3fce
tdw.i.org,AVAILABILITY,origin.list,origin.list,2022-04-07 05:48:55.837153,f319f62fe3598a8ee63a3fce
telstra.net.i.org,AVAILABILITY,origin.list,origin.list,2022-04-07 05:49:01.158811,f319f62fe3598a8ee63a3fce
telstra.i.org,AVAILABILITY,origin.list,origin.list,2022-04-07 05:49:05.955257,f319f62fe3598a8ee63a3fce
thefullwik.i.org,AVAILABILITY,origin.list,origin.list,2022-04-07 05:49:11.362922,f319f62fe3598a8ee63a3fce
tempur.i.org,AVAILABILITY,origin.list,origin.list,2022-04-07 05:49:14.197760,f319f62fe3598a8ee63a3fce
theia.i.org,AVAILABILITY,origin.list,origin.list,2022-04-07 05:49:14.466852,f319f62fe3598a8ee63a3fce
tjkathastaneler.i.org,AVAILABILITY,origin.list,origin.list,2022-04-07 05:49:19.223297,f319f62fe3598a8ee63a3fce
timeap.i.org,AVAILABILITY,origin.list,origin.list,2022-04-07 05:49:19.695116,f319f62fe3598a8ee63a3fce
torrentap.i.org,AVAILABILITY,origin.list,origin.list,2022-04-07 05:49:24.268810,f319f62fe3598a8ee63a3fce
uiwalumn.i.org,AVAILABILITY,origin.list,origin.list,2022-04-07 05:49:30.784294,f319f62fe3598a8ee63a3fce
turkcealtyaz.i.org,AVAILABILITY,origin.list,origin.list,2022-04-07 05:49:30.810752,f319f62fe3598a8ee63a3fce
unitedwaymiam.i.org,AVAILABILITY,origin.list,origin.list,2022-04-07 05:49:33.287567,f319f62fe3598a8ee63a3fce
ul.i.org,AVAILABILITY,origin.list,origin.list,2022-04-07 05:49:35.714763,f319f62fe3598a8ee63a3fce
uqwnmai.i.org,AVAILABILITY,origin.list,origin.list,2022-04-07 05:49:39.813919,f319f62fe3598a8ee63a3fce
usn.i.org,AVAILABILITY,origin.list,origin.list,2022-04-07 05:49:44.780380,f319f62fe3598a8ee63a3fce
urantia-ua.i.org,AVAILABILITY,origin.list,origin.list,2022-04-07 05:49:46.127540,f319f62fe3598a8ee63a3fce
virus-design.i.org,AVAILABILITY,origin.list,origin.list,2022-04-07 05:49:46.532856,f319f62fe3598a8ee63a3fce
wdf.i.org,AVAILABILITY,origin.list,origin.list,2022-04-07 05:49:48.253257,f319f62fe3598a8ee63a3fce
vy.i.org,AVAILABILITY,origin.list,origin.list,2022-04-07 05:49:49.293926,f319f62fe3598a8ee63a3fce
wv.i.org,AVAILABILITY,origin.list,origin.list,2022-04-07 05:49:53.686637,f319f62fe3598a8ee63a3fce
weightage.i.org,AVAILABILITY,origin.list,origin.list,2022-04-07 05:49:58.603538,f319f62fe3598a8ee63a3fce
www.assoretiformazione.i.org,AVAILABILITY,origin.list,origin.list,2022-04-07 05:49:59.066973,f319f62fe3598a8ee63a3fce
wr.i.org,AVAILABILITY,origin.list,origin.list,2022-04-07 05:50:00.177333,f319f62fe3598a8ee63a3fce
ww.i.org,AVAILABILITY,origin.list,origin.list,2022-04-07 05:50:03.100616,f319f62fe3598a8ee63a3fce
www.dbank.co.i.org,AVAILABILITY,origin.list,origin.list,2022-04-07 05:50:07.396407,f319f62fe3598a8ee63a3fce
www.easyaccess.airtelworld.i.org,AVAILABILITY,origin.list,origin.list,2022-04-07 05:50:11.094526,f319f62fe3598a8ee63a3fce
www.google.co.i.org,AVAILABILITY,origin.list,origin.list,2022-04-07 05:50:13.221339,f319f62fe3598a8ee63a3fce
www.google-com.0.i.org,AVAILABILITY,origin.list,origin.list,2022-04-07 05:50:14.361997,f319f62fe3598a8ee63a3fce
www.hsbc.co.i.org,AVAILABILITY,origin.list,origin.list,2022-04-07 05:50:14.918187,f319f62fe3598a8ee63a3fce
www.hawk.i.org,AVAILABILITY,origin.list,origin.list,2022-04-07 05:50:19.068372,f319f62fe3598a8ee63a3fce
www.i.org,AVAILABILITY,origin.list,origin.list,2022-04-07 05:50:24.863888,f319f62fe3598a8ee63a3fce
www.www.airtel.i.org,AVAILABILITY,origin.list,origin.list,2022-04-07 05:50:27.171264,f319f62fe3598a8ee63a3fce
www.ynet.co.i.org,AVAILABILITY,origin.list,origin.list,2022-04-07 05:50:27.794094,f319f62fe3598a8ee63a3fce
www.store.i.org,AVAILABILITY,origin.list,origin.list,2022-04-07 05:50:28.227534,f319f62fe3598a8ee63a3fce
www.www.i.org,AVAILABILITY,origin.list,origin.list,2022-04-07 05:50:31.253006,f319f62fe3598a8ee63a3fce
xkuctmh.i.org,AVAILABILITY,origin.list,origin.list,2022-04-07 05:50:40.643178,f319f62fe3598a8ee63a3fce
y-ap.i.org,AVAILABILITY,origin.list,origin.list,2022-04-07 05:50:42.010341,f319f62fe3598a8ee63a3fce
y.i.org,AVAILABILITY,origin.list,origin.list,2022-04-07 05:50:42.931340,f319f62fe3598a8ee63a3fce
ycap.i.org,AVAILABILITY,origin.list,origin.list,2022-04-07 05:50:43.007287,f319f62fe3598a8ee63a3fce
yesilbilg.i.org,AVAILABILITY,origin.list,origin.list,2022-04-07 05:50:44.920357,f319f62fe3598a8ee63a3fce
airtel.internet.org,AVAILABILITY,origin.list,origin.list,2022-04-07 05:50:53.843384,f319f62fe3598a8ee63a3fce
0.internet.org,AVAILABILITY,origin.list,origin.list,2022-04-07 05:50:54.632780,f319f62fe3598a8ee63a3fce
0.wap.internet.org,AVAILABILITY,origin.list,origin.list,2022-04-07 05:50:55.945241,f319f62fe3598a8ee63a3fce
admin.internet.org,AVAILABILITY,origin.list,origin.list,2022-04-07 05:50:57.879277,f319f62fe3598a8ee63a3fce
alt.th.xwf.internet.org,AVAILABILITY,origin.list,origin.list,2022-04-07 05:51:00.461801,f319f62fe3598a8ee63a3fce
api.standalone.ccpl.xwf.internet.org,AVAILABILITY,origin.list,origin.list,2022-04-07 05:51:08.590981,f319f62fe3598a8ee63a3fce
api-dev.internet.org,AVAILABILITY,origin.list,origin.list,2022-04-07 05:51:09.534156,f319f62fe3598a8ee63a3fce
archieve.internet.org,AVAILABILITY,origin.list,origin.list,2022-04-07 05:51:11.093188,f319f62fe3598a8ee63a3fce
api.internet.org,AVAILABILITY,origin.list,origin.list,2022-04-07 05:51:11.501459,f319f62fe3598a8ee63a3fce
archive.internet.org,AVAILABILITY,origin.list,origin.list,2022-04-07 05:51:16.273285,f319f62fe3598a8ee63a3fce
aum.internet.org,AVAILABILITY,origin.list,origin.list,2022-04-07 05:51:18.340493,f319f62fe3598a8ee63a3fce
asiste.pemex.com.internet.org,AVAILABILITY,origin.list,origin.list,2022-04-07 05:51:20.078963,f319f62fe3598a8ee63a3fce
att.internet.org,AVAILABILITY,origin.list,origin.list,2022-04-07 05:51:20.105682,f319f62fe3598a8ee63a3fce
autodiscover.internet.org,AVAILABILITY,origin.list,origin.list,2022-04-07 05:51:20.828680,f319f62fe3598a8ee63a3fce
axis.internet.org,AVAILABILITY,origin.list,origin.list,2022-04-07 05:51:25.566714,f319f62fe3598a8ee63a3fce
azzatssins.internet.org,AVAILABILITY,origin.list,origin.list,2022-04-07 05:51:31.693504,f319f62fe3598a8ee63a3fce
bluetown.xdub1.xwf.internet.org,AVAILABILITY,origin.list,origin.list,2022-04-07 05:51:34.977750,f319f62fe3598a8ee63a3fce
blog.internet.org,AVAILABILITY,origin.list,origin.list,2022-04-07 05:51:35.521195,f319f62fe3598a8ee63a3fce
capk.internet.org,AVAILABILITY,origin.list,origin.list,2022-04-07 05:51:36.581625,f319f62fe3598a8ee63a3fce
careers.internet.org,AVAILABILITY,origin.list,origin.list,2022-04-07 05:51:37.932776,f319f62fe3598a8ee63a3fce
cc.internet.org,AVAILABILITY,origin.list,origin.list,2022-04-07 05:51:46.762086,f319f62fe3598a8ee63a3fce
cfc.internet.org,AVAILABILITY,origin.list,origin.list,2022-04-07 05:51:48.334884,f319f62fe3598a8ee63a3fce
chyber-phreaker.internet.org,AVAILABILITY,origin.list,origin.list,2022-04-07 05:51:48.405092,f319f62fe3598a8ee63a3fce
cellc.internet.org,AVAILABILITY,origin.list,origin.list,2022-04-07 05:51:54.059123,f319f62fe3598a8ee63a3fce
celcom.rastream.com.internet.org,AVAILABILITY,origin.list,origin.list,2022-04-07 05:51:54.080281,f319f62fe3598a8ee63a3fce
connect.internet.org,AVAILABILITY,origin.list,origin.list,2022-04-07 05:52:01.200885,f319f62fe3598a8ee63a3fce
com.internet.org,AVAILABILITY,origin.list,origin.list,2022-04-07 05:52:04.343769,f319f62fe3598a8ee63a3fce
code.internet.org,AVAILABILITY,origin.list,origin.list,2022-04-07 05:52:06.694821,f319f62fe3598a8ee63a3fce
conex.internet.org,AVAILABILITY,origin.list,origin.list,2022-04-07 05:52:07.654499,f319f62fe3598a8ee63a3fce
connect-staging.internet.org,AVAILABILITY,origin.list,origin.list,2022-04-07 05:52:11.466463,f319f62fe3598a8ee63a3fce
coollink.xdub1.xwf.internet.org,AVAILABILITY,origin.list,origin.list,2022-04-07 05:52:17.352137,f319f62fe3598a8ee63a3fce
cpanel.internet.org,AVAILABILITY,origin.list,origin.list,2022-04-07 05:52:18.114812,f319f62fe3598a8ee63a3fce
coollinkqa.beta.xwf.internet.org,AVAILABILITY,origin.list,origin.list,2022-04-07 05:52:18.833943,f319f62fe3598a8ee63a3fce
cox.internet.org,AVAILABILITY,origin.list,origin.list,2022-04-07 05:52:23.883414,f319f62fe3598a8ee63a3fce
cyber-phreaker-medan.internet.org,AVAILABILITY,origin.list,origin.list,2022-04-07 05:52:28.006492,f319f62fe3598a8ee63a3fce
cyber-phreaker-medan.0.internet.org,AVAILABILITY,origin.list,origin.list,2022-04-07 05:52:28.622590,f319f62fe3598a8ee63a3fce
de-de.internet.org,AVAILABILITY,origin.list,origin.list,2022-04-07 05:52:33.466865,f319f62fe3598a8ee63a3fce
dev.internet.org,AVAILABILITY,origin.list,origin.list,2022-04-07 05:52:34.559276,f319f62fe3598a8ee63a3fce
e.internet.org,AVAILABILITY,origin.list,origin.list,2022-04-07 05:52:35.796230,f319f62fe3598a8ee63a3fce
dns.internet.org,AVAILABILITY,origin.list,origin.list,2022-04-07 05:52:39.086113,f319f62fe3598a8ee63a3fce
docs.internet.org,AVAILABILITY,origin.list,origin.list,2022-04-07 05:52:43.269488,f319f62fe3598a8ee63a3fce
el-gr.internet.org,AVAILABILITY,origin.list,origin.list,2022-04-07 05:52:44.425852,f319f62fe3598a8ee63a3fce
elite-expresswifi.internet.org,AVAILABILITY,origin.list,origin.list,2022-04-07 05:52:45.766386,f319f62fe3598a8ee63a3fce
facebook.internet.org,AVAILABILITY,origin.list,origin.list,2022-04-07 05:52:53.691397,f319f62fe3598a8ee63a3fce
en-gb.internet.org,AVAILABILITY,origin.list,origin.list,2022-04-07 05:52:54.001366,f319f62fe3598a8ee63a3fce
es-es.internet.org,AVAILABILITY,origin.list,origin.list,2022-04-07 05:52:55.062221,f319f62fe3598a8ee63a3fce
elite-operamini.internet.org,AVAILABILITY,origin.list,origin.list,2022-04-07 05:52:55.777199,f319f62fe3598a8ee63a3fce
eu-es.internet.org,AVAILABILITY,origin.list,origin.list,2022-04-07 05:53:02.755560,f319f62fe3598a8ee63a3fce
fb.axis.internet.org,AVAILABILITY,origin.list,origin.list,2022-04-07 05:53:03.314289,f319f62fe3598a8ee63a3fce
fairview.internet.org,AVAILABILITY,origin.list,origin.list,2022-04-07 05:53:04.609450,f319f62fe3598a8ee63a3fce
free.internet.org,AVAILABILITY,origin.list,origin.list,2022-04-07 05:53:11.475480,f319f62fe3598a8ee63a3fce
fb.internet.org,AVAILABILITY,origin.list,origin.list,2022-04-07 05:53:11.505195,f319f62fe3598a8ee63a3fce
fb.me.internet.org,AVAILABILITY,origin.list,origin.list,2022-04-07 05:53:13.520332,f319f62fe3598a8ee63a3fce
fr-ca.internet.org,AVAILABILITY,origin.list,origin.list,2022-04-07 05:53:17.081138,f319f62fe3598a8ee63a3fce
freebasic.internet.org,AVAILABILITY,origin.list,origin.list,2022-04-07 05:53:21.823870,f319f62fe3598a8ee63a3fce
freebasics.com.internet.org,AVAILABILITY,origin.list,origin.list,2022-04-07 05:53:28.030738,f319f62fe3598a8ee63a3fce
ftp.internet.org,AVAILABILITY,origin.list,origin.list,2022-04-07 05:53:28.992308,f319f62fe3598a8ee63a3fce
git.internet.org,AVAILABILITY,origin.list,origin.list,2022-04-07 05:53:30.270850,f319f62fe3598a8ee63a3fce
globe-ph.ph.xwf.internet.org,AVAILABILITY,origin.list,origin.list,2022-04-07 05:53:34.135113,f319f62fe3598a8ee63a3fce
glol.internet.org,AVAILABILITY,origin.list,origin.list,2022-04-07 05:53:38.357230,f319f62fe3598a8ee63a3fce
graph.internet.org,AVAILABILITY,origin.list,origin.list,2022-04-07 05:53:39.065665,f319f62fe3598a8ee63a3fce
go.internet.org,AVAILABILITY,origin.list,origin.list,2022-04-07 05:53:41.773116,f319f62fe3598a8ee63a3fce
god.internet.org,AVAILABILITY,origin.list,origin.list,2022-04-07 05:53:45.149796,f319f62fe3598a8ee63a3fce
habari.xdub1.xwf.internet.org,AVAILABILITY,origin.list,origin.list,2022-04-07 05:53:48.919170,f319f62fe3598a8ee63a3fce
hack.internet.org,AVAILABILITY,origin.list,origin.list,2022-04-07 05:53:50.217088,f319f62fe3598a8ee63a3fce
h.facebook.internet.org,AVAILABILITY,origin.list,origin.list,2022-04-07 05:53:50.833507,f319f62fe3598a8ee63a3fce
h.internet.org,AVAILABILITY,origin.list,origin.list,2022-04-07 05:53:51.051741,f319f62fe3598a8ee63a3fce
hallo.internet.org,AVAILABILITY,origin.list,origin.list,2022-04-07 05:53:59.336391,f319f62fe3598a8ee63a3fce
hostmaster.internet.org,AVAILABILITY,origin.list,origin.list,2022-04-07 05:53:59.505648,f319f62fe3598a8ee63a3fce
hacking.internet.org,AVAILABILITY,origin.list,origin.list,2022-04-07 05:53:59.769958,f319f62fe3598a8ee63a3fce
http-m-wattpad-com.0.internet.org,AVAILABILITY,origin.list,origin.list,2022-04-07 05:54:08.338594,f319f62fe3598a8ee63a3fce
id-ask-com.0.internet.org,AVAILABILITY,origin.list,origin.list,2022-04-07 05:54:10.658978,f319f62fe3598a8ee63a3fce
imap.internet.org,AVAILABILITY,origin.list,origin.list,2022-04-07 05:54:15.368430,f319f62fe3598a8ee63a3fce
imdosat.0.internet.org,AVAILABILITY,origin.list,origin.list,2022-04-07 05:54:15.588237,f319f62fe3598a8ee63a3fce
iconnectweqa.in.xwf.internet.org,AVAILABILITY,origin.list,origin.list,2022-04-07 05:54:17.605634,f319f62fe3598a8ee63a3fce
in.the.internet.org,AVAILABILITY,origin.list,origin.list,2022-04-07 05:54:18.395079,f319f62fe3598a8ee63a3fce
indosat.0.internet.org,AVAILABILITY,origin.list,origin.list,2022-04-07 05:54:27.321095,f319f62fe3598a8ee63a3fce
indosat.internet.org,AVAILABILITY,origin.list,origin.list,2022-04-07 05:54:27.842839,f319f62fe3598a8ee63a3fce
indosat.com.internet.org,AVAILABILITY,origin.list,origin.list,2022-04-07 05:54:28.471604,f319f62fe3598a8ee63a3fce
info.internet.org,AVAILABILITY,origin.list,origin.list,2022-04-07 05:54:29.143777,f319f62fe3598a8ee63a3fce
intra.internet.org,AVAILABILITY,origin.list,origin.list,2022-04-07 05:54:35.497128,f319f62fe3598a8ee63a3fce
javascript.internet.org,AVAILABILITY,origin.list,origin.list,2022-04-07 05:54:39.328406,f319f62fe3598a8ee63a3fce
iorg-bola-net.0.internet.org,AVAILABILITY,origin.list,origin.list,2022-04-07 05:54:41.080155,f319f62fe3598a8ee63a3fce
intern.internet.org,AVAILABILITY,origin.list,origin.list,2022-04-07 05:54:41.590335,f319f62fe3598a8ee63a3fce
iorg-kapanlagi-com.0.internet.org,AVAILABILITY,origin.list,origin.list,2022-04-07 05:54:43.291022,f319f62fe3598a8ee63a3fce
jira.internet.org,AVAILABILITY,origin.list,origin.list,2022-04-07 05:54:50.210083,f319f62fe3598a8ee63a3fce
jawabarat.internet.org,AVAILABILITY,origin.list,origin.list,2022-04-07 05:54:50.552619,f319f62fe3598a8ee63a3fce
kastrolers.internet.org,AVAILABILITY,origin.list,origin.list,2022-04-07 05:54:51.129307,f319f62fe3598a8ee63a3fce
login.internet.org,AVAILABILITY,origin.list,origin.list,2022-04-07 05:54:54.371301,f319f62fe3598a8ee63a3fce
lpch.internet.org,AVAILABILITY,origin.list,origin.list,2022-04-07 05:54:58.989553,f319f62fe3598a8ee63a3fce
m-goal-com.0.internet.org,AVAILABILITY,origin.list,origin.list,2022-04-07 05:55:05.464339,f319f62fe3598a8ee63a3fce
m.instant.indosat.com.internet.org,AVAILABILITY,origin.list,origin.list,2022-04-07 05:55:06.031373,f319f62fe3598a8ee63a3fce
m.facebook.internet.org,AVAILABILITY,origin.list,origin.list,2022-04-07 05:55:07.532293,f319f62fe3598a8ee63a3fce
m.internet.org,AVAILABILITY,origin.list,origin.list,2022-04-07 05:55:11.274571,f319f62fe3598a8ee63a3fce
m4.internet.org,AVAILABILITY,origin.list,origin.list,2022-04-07 05:55:11.581547,f319f62fe3598a8ee63a3fce
mbasic.internet.org,AVAILABILITY,origin.list,origin.list,2022-04-07 05:55:13.283213,f319f62fe3598a8ee63a3fce
mo.indosat.com.internet.org,AVAILABILITY,origin.list,origin.list,2022-04-07 05:55:22.447424,f319f62fe3598a8ee63a3fce
mobile.internet.org,AVAILABILITY,origin.list,origin.list,2022-04-07 05:55:24.177038,f319f62fe3598a8ee63a3fce
n0.wap.internet.org,AVAILABILITY,origin.list,origin.list,2022-04-07 05:55:25.915870,f319f62fe3598a8ee63a3fce
n.o.internet.org,AVAILABILITY,origin.list,origin.list,2022-04-07 05:55:28.684077,f319f62fe3598a8ee63a3fce
n0.internet.org,AVAILABILITY,origin.list,origin.list,2022-04-07 05:55:28.725959,f319f62fe3598a8ee63a3fce
narchieve.internet.org,AVAILABILITY,origin.list,origin.list,2022-04-07 05:55:38.163994,f319f62fe3598a8ee63a3fce
nairtel.internet.org,AVAILABILITY,origin.list,origin.list,2022-04-07 05:55:39.653763,f319f62fe3598a8ee63a3fce
napi-dev.internet.org,AVAILABILITY,origin.list,origin.list,2022-04-07 05:55:40.679143,f319f62fe3598a8ee63a3fce
narchive.internet.org,AVAILABILITY,origin.list,origin.list,2022-04-07 05:55:41.129592,f319f62fe3598a8ee63a3fce
napi.internet.org,AVAILABILITY,origin.list,origin.list,2022-04-07 05:55:41.938026,f319f62fe3598a8ee63a3fce
nasiste.pemex.com.internet.org,AVAILABILITY,origin.list,origin.list,2022-04-07 05:55:51.412009,f319f62fe3598a8ee63a3fce
nautodiscover.internet.org,AVAILABILITY,origin.list,origin.list,2022-04-07 05:55:53.530236,f319f62fe3598a8ee63a3fce
naum.internet.org,AVAILABILITY,origin.list,origin.list,2022-04-07 05:55:58.765899,f319f62fe3598a8ee63a3fce
ncapk.internet.org,AVAILABILITY,origin.list,origin.list,2022-04-07 05:55:59.381610,f319f62fe3598a8ee63a3fce
nazzatssins.internet.org,AVAILABILITY,origin.list,origin.list,2022-04-07 05:56:00.199876,f319f62fe3598a8ee63a3fce
ncareers.internet.org,AVAILABILITY,origin.list,origin.list,2022-04-07 05:56:05.836226,f319f62fe3598a8ee63a3fce
ncelcom.rastream.com.internet.org,AVAILABILITY,origin.list,origin.list,2022-04-07 05:56:06.779726,f319f62fe3598a8ee63a3fce
nchyber-phreaker.internet.org,AVAILABILITY,origin.list,origin.list,2022-04-07 05:56:12.584428,f319f62fe3598a8ee63a3fce
ncode.internet.org,AVAILABILITY,origin.list,origin.list,2022-04-07 05:56:13.352187,f319f62fe3598a8ee63a3fce
ncellc.internet.org,AVAILABILITY,origin.list,origin.list,2022-04-07 05:56:17.122969,f319f62fe3598a8ee63a3fce
ncom.internet.org,AVAILABILITY,origin.list,origin.list,2022-04-07 05:56:20.594013,f319f62fe3598a8ee63a3fce
nconnect-staging.internet.org,AVAILABILITY,origin.list,origin.list,2022-04-07 05:56:21.688496,f319f62fe3598a8ee63a3fce
nconex.internet.org,AVAILABILITY,origin.list,origin.list,2022-04-07 05:56:22.047389,f319f62fe3598a8ee63a3fce
nconnect.internet.org,AVAILABILITY,origin.list,origin.list,2022-04-07 05:56:29.918696,f319f62fe3598a8ee63a3fce
ncyber-phreaker-medan.0.internet.org,AVAILABILITY,origin.list,origin.list,2022-04-07 05:56:31.750708,f319f62fe3598a8ee63a3fce
ne.internet.org,AVAILABILITY,origin.list,origin.list,2022-04-07 05:56:32.046967,f319f62fe3598a8ee63a3fce
ncyber-phreaker-medan.internet.org,AVAILABILITY,origin.list,origin.list,2022-04-07 05:56:38.665149,f319f62fe3598a8ee63a3fce
nelite-expresswifi.internet.org,AVAILABILITY,origin.list,origin.list,2022-04-07 05:56:38.937648,f319f62fe3598a8ee63a3fce
nen-gb.internet.org,AVAILABILITY,origin.list,origin.list,2022-04-07 05:56:42.814773,f319f62fe3598a8ee63a3fce
nelite-operamini.internet.org,AVAILABILITY,origin.list,origin.list,2022-04-07 05:56:43.602256,f319f62fe3598a8ee63a3fce
new.internet.org,AVAILABILITY,origin.list,origin.list,2022-04-07 05:56:48.186194,f319f62fe3598a8ee63a3fce
