idna_subject,checker_type,destination,tested_at
z-p3-external.fmle2-1.fna.fbcdn.net,AVAILABILITY,origin.list,2021-09-15 18:40:47.955397
z-p3-scontent.fmga1-1.fna.fbcdn.net,AVAILABILITY,origin.list,2021-09-15 18:40:53.762214
z-p42-instagram.fada1-10.fna.fbcdn.net,AVAILABILITY,origin.list,2021-09-15 18:40:59.426152
z-p42-instagram.fada1-1.fna.fbcdn.net,AVAILABILITY,origin.list,2021-09-15 18:41:05.067583
edge-z-m-mini-shv-01-fco1.facebook.com,AVAILABILITY,origin.list,2021-09-15 18:41:10.852473
edge-z-p4-shv-01-fco1.facebook.com,AVAILABILITY,origin.list,2021-09-15 18:41:16.635505
z-p42-instagram.fbtz1-9.fna.fbcdn.net,AVAILABILITY,origin.list,2021-09-15 18:41:22.422523
z-p3-scontent.fmct2-2.fna.fbcdn.net,AVAILABILITY,origin.list,2021-09-15 18:41:28.196388
z-p3-scontent.fmct3-2.fna.fbcdn.net,AVAILABILITY,origin.list,2021-09-15 18:41:33.909022
z-p3-video.fccs1-1.fna.fbcdn.net,AVAILABILITY,origin.list,2021-09-15 18:41:39.630305
fbtokenizerdogfood.in.xwf.internet.org,AVAILABILITY,origin.list,2021-09-15 18:41:46.259704
iconnectwe.in.xwf.internet.org,AVAILABILITY,origin.list,2021-09-15 18:41:52.827675
netvision.in.xwf.internet.org,AVAILABILITY,origin.list,2021-09-15 18:41:59.325335
z-p42-instagram.fsaw1-3.fna.fbcdn.net,AVAILABILITY,origin.list,2021-09-15 18:42:05.083222
z-m-scontent-lht.xx.fbcdn.net,AVAILABILITY,origin.list,2021-09-15 18:42:10.796311
z-m-static-lht.xx.fbcdn.net,AVAILABILITY,origin.list,2021-09-15 18:42:16.450183
z-m-video-lht.xx.fbcdn.net,AVAILABILITY,origin.list,2021-09-15 18:42:22.058633
z-p3-scontent.fcgk6-1.fna.fbcdn.net,AVAILABILITY,origin.list,2021-09-15 18:42:27.697748
z-p3-scontent.frec11-1.fna.fbcdn.net,AVAILABILITY,origin.list,2021-09-15 18:42:33.474834
z-p3-video.fctg1-2.fna.fbcdn.net,AVAILABILITY,origin.list,2021-09-15 18:42:39.193937
z-1-external-ort2-2.xx.fbcdn.net,AVAILABILITY,origin.list,2021-09-15 18:42:44.944635
z-p3-external-cai1-1.xx.fbcdn.net,AVAILABILITY,origin.list,2021-09-15 18:42:50.653402
z-p3-external-hkg3-1.xx.fbcdn.net,AVAILABILITY,origin.list,2021-09-15 18:42:56.323981
nz-m-scontent-amt.xx.fbcdn.net,AVAILABILITY,origin.list,2021-09-15 18:43:02.034189
nz-m-scontent-eze.xx.fbcdn.net,AVAILABILITY,origin.list,2021-09-15 18:43:07.698853
nz-m-scontent-lhr.xx.fbcdn.net,AVAILABILITY,origin.list,2021-09-15 18:43:13.396770
nz-m-scontent-mad.xx.fbcdn.net,AVAILABILITY,origin.list,2021-09-15 18:43:19.107021
nz-m-scontent-tpe.xx.fbcdn.net,AVAILABILITY,origin.list,2021-09-15 18:43:24.827953
nz-m-video-atl.xx.fbcdn.net,AVAILABILITY,origin.list,2021-09-15 18:43:30.553551
nz-m-video-bru.xx.fbcdn.net,AVAILABILITY,origin.list,2021-09-15 18:43:36.270512
nz-m-video-eze.xx.fbcdn.net,AVAILABILITY,origin.list,2021-09-15 18:43:41.905716
nz-m-video-lax.xx.fbcdn.net,AVAILABILITY,origin.list,2021-09-15 18:43:47.618734
nz-m-video-lht.xx.fbcdn.net,AVAILABILITY,origin.list,2021-09-15 18:43:53.330378
z-m-scontent.fbog2-2.fna.fbcdn.net,AVAILABILITY,origin.list,2021-09-15 18:43:59.064038
z-p3-scontent.fgye5-1.fna.fbcdn.net,AVAILABILITY,origin.list,2021-09-15 18:44:04.750292
z-p4-scontent.fgye5-1.fna.fbcdn.net,AVAILABILITY,origin.list,2021-09-15 18:44:10.462328
z-p3-sonar-arn.xx.fbcdn.net,AVAILABILITY,origin.list,2021-09-15 18:44:16.203138
z-1-scontent-a-iad.xx.fbcdn.net,AVAILABILITY,origin.list,2021-09-15 18:44:21.974923
z-1-scontent-b-atl.xx.fbcdn.net,AVAILABILITY,origin.list,2021-09-15 18:44:27.782926
z-1-scontent-dfw5-2.xx.fbcdn.net,AVAILABILITY,origin.list,2021-09-15 18:44:33.457875
z-1-scontent-kul.xx.fbcdn.net,AVAILABILITY,origin.list,2021-09-15 18:44:39.216537
z-1-scontent.xx.fbcdn.net,AVAILABILITY,origin.list,2021-09-15 18:44:44.995137
z-m-scontent-cai.xx.fbcdn.net,AVAILABILITY,origin.list,2021-09-15 18:44:50.712011
z-m-scontent-dft.xx.fbcdn.net,AVAILABILITY,origin.list,2021-09-15 18:44:56.374472
z-m-scontent-hkg3-2.xx.fbcdn.net,AVAILABILITY,origin.list,2021-09-15 18:45:02.123656
z-m-scontent-icn.xx.fbcdn.net,AVAILABILITY,origin.list,2021-09-15 18:45:07.781314
z-m-scontent-kul1-1.xx.fbcdn.net,AVAILABILITY,origin.list,2021-09-15 18:45:13.515798
z-m-scontent-sit.xx.fbcdn.net,AVAILABILITY,origin.list,2021-09-15 18:45:19.239484
z-p3-scontent-hkg3-1.xx.fbcdn.net,AVAILABILITY,origin.list,2021-09-15 18:45:24.952310
z-p42-scontent.xx.fbcdn.net,AVAILABILITY,origin.list,2021-09-15 18:45:30.630827
z-1-static.xx.fbcdn.net,AVAILABILITY,origin.list,2021-09-15 18:45:36.379644
z-m-static-cai.xx.fbcdn.net,AVAILABILITY,origin.list,2021-09-15 18:45:42.014124
z-m-static-dft.xx.fbcdn.net,AVAILABILITY,origin.list,2021-09-15 18:45:47.764763
z-m-static-icn.xx.fbcdn.net,AVAILABILITY,origin.list,2021-09-15 18:45:53.416435
z-m-static-sit.xx.fbcdn.net,AVAILABILITY,origin.list,2021-09-15 18:45:59.022777
z-p42-static.xx.fbcdn.net,AVAILABILITY,origin.list,2021-09-15 18:46:04.646983
z-1-scontent-sjc1-1.xx.fbcdn.net,AVAILABILITY,origin.list,2021-09-15 18:46:10.379316
z-1-scontent-sjc2-1.xx.fbcdn.net,AVAILABILITY,origin.list,2021-09-15 18:46:16.086163
z-1-video-atl3-1.xx.fbcdn.net,AVAILABILITY,origin.list,2021-09-15 18:46:21.761824
z-1-video.xx.fbcdn.net,AVAILABILITY,origin.list,2021-09-15 18:46:27.462013
z-m-video-cai.xx.fbcdn.net,AVAILABILITY,origin.list,2021-09-15 18:46:33.163862
z-m-video-dft.xx.fbcdn.net,AVAILABILITY,origin.list,2021-09-15 18:46:38.835025
z-m-video-icn.xx.fbcdn.net,AVAILABILITY,origin.list,2021-09-15 18:46:44.641917
z-m-video-sit.xx.fbcdn.net,AVAILABILITY,origin.list,2021-09-15 18:46:50.371516
z-p2-video.xx.fbcdn.net,AVAILABILITY,origin.list,2021-09-15 18:46:56.095154
z-p3-video-sit4-1.xx.fbcdn.net,AVAILABILITY,origin.list,2021-09-15 18:47:01.835735
headers-regional-shv-13-atn1.facebook.com,AVAILABILITY,origin.list,2021-09-15 18:47:07.545380
headers-regional-shv-18-prn1.facebook.com,AVAILABILITY,origin.list,2021-09-15 18:47:13.499576
headers-regional-shv-22-atn1.facebook.com,AVAILABILITY,origin.list,2021-09-15 18:47:19.352978
headers-shv-04-prn2.facebook.com,AVAILABILITY,origin.list,2021-09-15 18:47:25.285984
z-1.c10r.facebook.com,AVAILABILITY,origin.list,2021-09-15 18:47:31.037826
z-1.facebook.com,AVAILABILITY,origin.list,2021-09-15 18:47:36.812258
z-p42.c10r.facebook.com,AVAILABILITY,origin.list,2021-09-15 18:47:42.539124
z-p42.facebook.com,AVAILABILITY,origin.list,2021-09-15 18:47:48.805187
z-p42-rupload.facebook.com,AVAILABILITY,origin.list,2021-09-15 18:47:54.649779
z-p42-upload.facebook.com,AVAILABILITY,origin.list,2021-09-15 18:48:00.290106
web.discoverapp.com,AVAILABILITY,origin.list,2021-09-15 18:48:07.299673
www.discoverapp.com,AVAILABILITY,origin.list,2021-09-15 18:48:14.121360
0.facebook.com.cgi-bin.nph-roxy.cgi.0.http.0.facebook.com,AVAILABILITY,origin.list,2021-09-15 18:48:20.093511
0.indosat.com.0.facebook.com,AVAILABILITY,origin.list,2021-09-15 18:48:26.754037
3gprs.0.facebook.com,AVAILABILITY,origin.list,2021-09-15 18:48:33.698589
87.224.141.php.zero.0.facebook.com,AVAILABILITY,origin.list,2021-09-15 18:48:40.366182
91.0.facebook.com,AVAILABILITY,origin.list,2021-09-15 18:48:46.996424
121.98.0.facebook.com,AVAILABILITY,origin.list,2021-09-15 18:48:53.640983
224.141.php.zero.0.facebook.com,AVAILABILITY,origin.list,2021-09-15 18:49:00.590408
apps.0.facebook.com,AVAILABILITY,origin.list,2021-09-15 18:49:07.281690
cmhttp.0.facebook.com,AVAILABILITY,origin.list,2021-09-15 18:49:14.217230
com.0.facebook.com,AVAILABILITY,origin.list,2021-09-15 18:49:20.792695
download.0.facebook.com,AVAILABILITY,origin.list,2021-09-15 18:49:27.748202
edge-star6-ecmp-03-frc1.0.facebook.com,AVAILABILITY,origin.list,2021-09-15 18:49:33.572880
google.0.facebook.com,AVAILABILITY,origin.list,2021-09-15 18:49:40.396434
id.0.facebook.com,AVAILABILITY,origin.list,2021-09-15 18:49:46.944834
indosat.0.facebook.com,AVAILABILITY,origin.list,2021-09-15 18:49:53.718363
ko-kr.0.facebook.com,AVAILABILITY,origin.list,2021-09-15 18:49:59.541325
ko-kr.com.0.facebook.com,AVAILABILITY,origin.list,2021-09-15 18:50:05.438181
l.0.facebook.com,AVAILABILITY,origin.list,2021-09-15 18:50:12.235399
login.0.facebook.com,AVAILABILITY,origin.list,2021-09-15 18:50:19.068804
m.akbank.com.0.facebook.com,AVAILABILITY,origin.list,2021-09-15 18:50:25.784175
m.axisworld.co.id.0.facebook.com,AVAILABILITY,origin.list,2021-09-15 18:50:32.624837
m.m.0.facebook.com,AVAILABILITY,origin.list,2021-09-15 18:50:39.468172
my.telkomsel.com.0.facebook.com,AVAILABILITY,origin.list,2021-09-15 18:50:46.218012
php.0.facebook.com,AVAILABILITY,origin.list,2021-09-15 18:50:53.005875
pl-pl.0.facebook.com,AVAILABILITY,origin.list,2021-09-15 18:50:59.093031
robtex.com252fdownload.0.facebook.com,AVAILABILITY,origin.list,2021-09-15 18:52:00.992274
telkomsel.bugsfree.com.0.facebook.com,AVAILABILITY,origin.list,2021-09-15 18:52:07.254009
telkomsel.com.0.facebook.com,AVAILABILITY,origin.list,2021-09-15 18:52:13.534452
tr-tr.com.0.facebook.com,AVAILABILITY,origin.list,2021-09-15 18:52:18.962822
tr-tr.com.php.0.facebook.com,AVAILABILITY,origin.list,2021-09-15 18:52:24.466983
tr-tr.facebook.com.0.facebook.com,AVAILABILITY,origin.list,2021-09-15 18:52:29.946537
tr-tr.turkcell-imbenim.0.facebook.com,AVAILABILITY,origin.list,2021-09-15 18:52:35.406688
tr-tr.turkcell.com.0.facebook.com,AVAILABILITY,origin.list,2021-09-15 18:52:40.853082
tr-tr.www.0.facebook.com,AVAILABILITY,origin.list,2021-09-15 18:52:46.351254
undefined.m.m.0.facebook.com,AVAILABILITY,origin.list,2021-09-15 18:52:52.687597
wap.telkomsel.com.0.facebook.com,AVAILABILITY,origin.list,2021-09-15 18:52:59.014073
ww.0.facebook.com,AVAILABILITY,origin.list,2021-09-15 18:53:05.369228
www.68.209.1.0.facebook.com,AVAILABILITY,origin.list,2021-09-15 18:53:11.700317
www.bankasya.0.facebook.com,AVAILABILITY,origin.list,2021-09-15 18:53:18.017836
www.com.tr.0.facebook.com,AVAILABILITY,origin.list,2021-09-15 18:53:24.342748
www.ebudy.com.0.facebook.com,AVAILABILITY,origin.list,2021-09-15 18:53:30.726528
www.goalmaximesaj.com.0.facebook.com,AVAILABILITY,origin.list,2021-09-15 18:53:37.034504
www.google.0.facebook.com,AVAILABILITY,origin.list,2021-09-15 18:53:43.303129
www.m.0.facebook.com,AVAILABILITY,origin.list,2021-09-15 18:53:49.647107
www.telkomsel.com.0.facebook.com,AVAILABILITY,origin.list,2021-09-15 18:53:56.010929
www.turkcell-imbenim.0.facebook.com,AVAILABILITY,origin.list,2021-09-15 18:54:01.532526
www.turkcelluygulamalar.com.0.facebook.com,AVAILABILITY,origin.list,2021-09-15 18:54:07.795556
www.vodafone.com.0.facebook.com,AVAILABILITY,origin.list,2021-09-15 18:54:14.056530
zero.0.facebook.com,AVAILABILITY,origin.list,2021-09-15 18:54:20.312244
zh-cn.gnctrkcll.com.0.facebook.com,AVAILABILITY,origin.list,2021-09-15 18:54:25.745450
airjaldiqa.in.xwf.internet.org,AVAILABILITY,origin.list,2021-09-15 18:54:32.131918
kuki-crt.wacproxy.xwf.internet.org,AVAILABILITY,origin.list,2021-09-15 18:54:37.722605
pico.np.xwf.internet.org,AVAILABILITY,origin.list,2021-09-15 18:54:44.019044
starnet.al.xwf.internet.org,AVAILABILITY,origin.list,2021-09-15 18:54:50.475101
z-p42-api.facebook.com,AVAILABILITY,origin.list,2021-09-15 18:54:55.957366
z-p1-any-graph.facebook.com,AVAILABILITY,origin.list,2021-09-15 18:55:01.383262
z-p42-any-graph.facebook.com,AVAILABILITY,origin.list,2021-09-15 18:55:06.828002
z-p42-graph-video.facebook.com,AVAILABILITY,origin.list,2021-09-15 18:55:12.352617
z-p42-graph.facebook.com,AVAILABILITY,origin.list,2021-09-15 18:55:17.805197
edge-star-z-mini-shv-01-amt2.facebook.com,AVAILABILITY,origin.list,2021-09-15 18:55:23.322886
edge-star-z-mini-shv-01-bom1.facebook.com,AVAILABILITY,origin.list,2021-09-15 18:55:28.857911
edge-star-z-mini-shv-01-bru2.facebook.com,AVAILABILITY,origin.list,2021-09-15 18:55:34.286614
edge-star-z-mini-shv-01-cdg2.facebook.com,AVAILABILITY,origin.list,2021-09-15 18:55:39.726301
edge-star-z-mini-shv-01-cdt1.facebook.com,AVAILABILITY,origin.list,2021-09-15 18:55:45.222542
edge-star-z-mini-shv-01-mad1.facebook.com,AVAILABILITY,origin.list,2021-09-15 18:55:50.752669
edge-star-z-mini-shv-01-nrt1.facebook.com,AVAILABILITY,origin.list,2021-09-15 18:55:56.248258
edge-star-z-mini-shv-01-sea1.facebook.com,AVAILABILITY,origin.list,2021-09-15 18:56:01.764953
edge-star-z-mini-shv-01-yyz1.facebook.com,AVAILABILITY,origin.list,2021-09-15 18:56:07.270310
edge-star-z-mini-shv-02-dfw5.facebook.com,AVAILABILITY,origin.list,2021-09-15 18:56:12.729983
edge-star-z-mini-shv-02-hkg3.facebook.com,AVAILABILITY,origin.list,2021-09-15 18:56:18.171422
edge-z-1-p2-shv-01-ams3.facebook.com,AVAILABILITY,origin.list,2021-09-15 18:56:23.669545
edge-z-1-p2-shv-01-arn2.facebook.com,AVAILABILITY,origin.list,2021-09-15 18:56:29.101315
edge-z-1-p2-shv-01-atl3.facebook.com,AVAILABILITY,origin.list,2021-09-15 18:56:34.587031
edge-z-1-p2-shv-01-bru2.facebook.com,AVAILABILITY,origin.list,2021-09-15 18:56:40.117543
edge-z-1-p2-shv-01-gmp1.facebook.com,AVAILABILITY,origin.list,2021-09-15 18:56:45.636847
edge-z-1-p2-shv-01-iad3.facebook.com,AVAILABILITY,origin.list,2021-09-15 18:56:51.080053
edge-z-1-p2-shv-01-icn1.facebook.com,AVAILABILITY,origin.list,2021-09-15 18:56:56.579378
edge-z-1-p2-shv-01-lga3.facebook.com,AVAILABILITY,origin.list,2021-09-15 18:57:02.090254
edge-z-1-p2-shv-01-mad1.facebook.com,AVAILABILITY,origin.list,2021-09-15 18:57:07.542090
edge-z-1-p2-shv-01-mxp1.facebook.com,AVAILABILITY,origin.list,2021-09-15 18:57:13.125490
edge-z-1-p2-shv-01-nrt1.facebook.com,AVAILABILITY,origin.list,2021-09-15 18:57:18.652950
edge-z-1-p2-shv-01-sea1.facebook.com,AVAILABILITY,origin.list,2021-09-15 18:57:24.056927
edge-z-1-p2-shv-01-sin1.facebook.com,AVAILABILITY,origin.list,2021-09-15 18:57:29.581246
edge-z-1-p2-shv-01-sin6.facebook.com,AVAILABILITY,origin.list,2021-09-15 18:57:35.022901
edge-z-1-p2-shv-01-sof1.facebook.com,AVAILABILITY,origin.list,2021-09-15 18:57:40.531381
edge-z-1-p2-shv-01-syd2.facebook.com,AVAILABILITY,origin.list,2021-09-15 18:57:46.039405
edge-z-1-p2-shv-01-vie1.facebook.com,AVAILABILITY,origin.list,2021-09-15 18:57:51.550203
edge-z-1-p2-shv-02-dfw5.facebook.com,AVAILABILITY,origin.list,2021-09-15 18:57:57.070793
edge-z-1-p2-shv-02-hkg3.facebook.com,AVAILABILITY,origin.list,2021-09-15 18:58:02.498311
edge-z-m-mini-shv-01-ams3.facebook.com,AVAILABILITY,origin.list,2021-09-15 18:58:08.102903
edge-z-m-mini-shv-01-icn1.facebook.com,AVAILABILITY,origin.list,2021-09-15 18:58:13.552369
edge-z-m-mini-shv-01-mia1.facebook.com,AVAILABILITY,origin.list,2021-09-15 18:58:19.053264
edge-z-m-mini-shv-01-ord1.facebook.com,AVAILABILITY,origin.list,2021-09-15 18:58:24.587786
edge-z-m-mini-shv-01-sin1.facebook.com,AVAILABILITY,origin.list,2021-09-15 18:58:30.038837
edge-z-m-mini-shv-02-mia1.facebook.com,AVAILABILITY,origin.list,2021-09-15 18:58:35.548068
edge-z-m-mini-shv-06-atn1.facebook.com,AVAILABILITY,origin.list,2021-09-15 18:58:41.042807
edge-z-m-mini-shv-17-prn1.facebook.com,AVAILABILITY,origin.list,2021-09-15 18:58:46.565127
edge-z-m-shv-01-cdg2.facebook.com,AVAILABILITY,origin.list,2021-09-15 18:58:52.068664
edge-z-m-shv-01-syd1.facebook.com,AVAILABILITY,origin.list,2021-09-15 18:58:57.578018
edge-z-m-shv-03-prn2.facebook.com,AVAILABILITY,origin.list,2021-09-15 18:59:03.075533
edge-z-mini-shv-01-mad1.facebook.com,AVAILABILITY,origin.list,2021-09-15 18:59:08.533422
edge-z-p1-shv-01-icn1.facebook.com,AVAILABILITY,origin.list,2021-09-15 18:59:13.959472
edge-z-p3-shv-01-icn1.facebook.com,AVAILABILITY,origin.list,2021-09-15 18:59:19.416847
edge-z-p4-shv-01-icn1.facebook.com,AVAILABILITY,origin.list,2021-09-15 18:59:24.846832
edge-z-shv-03-prn2.facebook.com,AVAILABILITY,origin.list,2021-09-15 18:59:30.356691
edge-z-shv-04-prn2.facebook.com,AVAILABILITY,origin.list,2021-09-15 18:59:35.865671
edge-z-shv-12-frc1.facebook.com,AVAILABILITY,origin.list,2021-09-15 18:59:41.382792
edge-z-shv-12-prn1.facebook.com,AVAILABILITY,origin.list,2021-09-15 18:59:46.865775
edge-z-shv-13-frc1.facebook.com,AVAILABILITY,origin.list,2021-09-15 18:59:52.329130
edge-z-shv-17-prn1.facebook.com,AVAILABILITY,origin.list,2021-09-15 18:59:57.848870
fna-fbcdn-z-1-shv-01-fapa1.fbcdn.net,AVAILABILITY,origin.list,2021-09-15 19:00:03.310232
fna-fbcdn-z-1-shv-01-fbna1.fbcdn.net,AVAILABILITY,origin.list,2021-09-15 19:00:08.804725
fna-fbcdn-z-1-shv-01-fdet1.fbcdn.net,AVAILABILITY,origin.list,2021-09-15 19:00:14.352508
fna-fbcdn-z-1-shv-01-fgla1.fbcdn.net,AVAILABILITY,origin.list,2021-09-15 19:00:19.852391
fna-fbcdn-z-1-shv-01-fmaa1.fbcdn.net,AVAILABILITY,origin.list,2021-09-15 19:00:25.345882
fna-fbcdn-z-1-shv-01-fmia1.fbcdn.net,AVAILABILITY,origin.list,2021-09-15 19:00:30.829225
fna-fbcdn-z-1-shv-02-fbna1.fbcdn.net,AVAILABILITY,origin.list,2021-09-15 19:00:36.378663
fna-fbcdn-z-1-shv-02-fmaa1.fbcdn.net,AVAILABILITY,origin.list,2021-09-15 19:00:41.815697
fna-fbcdn-z-1-shv-02-fmia1.fbcdn.net,AVAILABILITY,origin.list,2021-09-15 19:00:47.326033
fna-fbcdn-z-1-shv-02-fruh5.fbcdn.net,AVAILABILITY,origin.list,2021-09-15 19:00:52.820933
fna-fbcdn-z-1-shv-03-fmaa1.fbcdn.net,AVAILABILITY,origin.list,2021-09-15 19:00:58.250729
fna-fbcdn-z-1-shv-04-fmaa1.fbcdn.net,AVAILABILITY,origin.list,2021-09-15 19:01:03.773054
fna-fbcdn-z-m-shv-01-fbna1.fbcdn.net,AVAILABILITY,origin.list,2021-09-15 19:01:09.294327
fna-fbcdn-z-m-shv-02-fbed1.fbcdn.net,AVAILABILITY,origin.list,2021-09-15 19:01:14.799442
fna-fbcdn-z-m-shv-02-fbna1.fbcdn.net,AVAILABILITY,origin.list,2021-09-15 19:01:20.310774
fna-fbcdn-z-p1-shv-01-fapa1.fbcdn.net,AVAILABILITY,origin.list,2021-09-15 19:01:25.725133
fna-fbcdn-z-p1-shv-01-fbna1.fbcdn.net,AVAILABILITY,origin.list,2021-09-15 19:01:31.209940
fna-fbcdn-z-p1-shv-01-fgla1.fbcdn.net,AVAILABILITY,origin.list,2021-09-15 19:01:36.736313
fna-fbcdn-z-p1-shv-01-fmaa1.fbcdn.net,AVAILABILITY,origin.list,2021-09-15 19:01:42.242153
fna-fbcdn-z-p1-shv-01-fmia1.fbcdn.net,AVAILABILITY,origin.list,2021-09-15 19:01:47.728300
fna-fbcdn-z-p1-shv-02-fbna1.fbcdn.net,AVAILABILITY,origin.list,2021-09-15 19:01:53.223138
fna-fbcdn-z-p1-shv-02-fmaa1.fbcdn.net,AVAILABILITY,origin.list,2021-09-15 19:01:58.742796
fna-fbcdn-z-p1-shv-02-fmia1.fbcdn.net,AVAILABILITY,origin.list,2021-09-15 19:02:04.273397
fna-fbcdn-z-p1-shv-03-fmaa1.fbcdn.net,AVAILABILITY,origin.list,2021-09-15 19:02:09.766494
fna-fbcdn-z-p1-shv-04-fmaa1.fbcdn.net,AVAILABILITY,origin.list,2021-09-15 19:02:15.282107
fna-fbcdn-z-p3-shv-01-fbna1.fbcdn.net,AVAILABILITY,origin.list,2021-09-15 19:02:20.769321
fna-fbcdn-z-p3-shv-02-fbna1.fbcdn.net,AVAILABILITY,origin.list,2021-09-15 19:02:26.268396
fna-fbcdn-z-p4-shv-01-fbna1.fbcdn.net,AVAILABILITY,origin.list,2021-09-15 19:02:31.787908
fna-fbcdn-z-p4-shv-02-fbna1.fbcdn.net,AVAILABILITY,origin.list,2021-09-15 19:02:37.307823
nz-1-video.fszb1-1.fna.fbcdn.net,AVAILABILITY,origin.list,2021-09-15 19:02:42.828999
z-1-scontent.fgru3-1.fna.fbcdn.net,AVAILABILITY,origin.list,2021-09-15 19:02:48.315988
z-m-scontent.fbgt1-2.fna.fbcdn.net,AVAILABILITY,origin.list,2021-09-15 19:02:53.812527
z-m-scontent.fbkk1-1.fna.fbcdn.net,AVAILABILITY,origin.list,2021-09-15 19:02:59.262570
z-m-scontent.fbkk1-2.fna.fbcdn.net,AVAILABILITY,origin.list,2021-09-15 19:03:04.754074
z-m-scontent.fbkk1-3.fna.fbcdn.net,AVAILABILITY,origin.list,2021-09-15 19:03:10.269918
z-m-scontent.fbkk1-4.fna.fbcdn.net,AVAILABILITY,origin.list,2021-09-15 19:03:15.769413
z-m-scontent.fbkk1-5.fna.fbcdn.net,AVAILABILITY,origin.list,2021-09-15 19:03:21.318290
z-m-scontent.fbkk1-6.fna.fbcdn.net,AVAILABILITY,origin.list,2021-09-15 19:03:26.844687
z-m-scontent.fbkk1-7.fna.fbcdn.net,AVAILABILITY,origin.list,2021-09-15 19:03:32.323167
z-m-scontent.fbkk1-8.fna.fbcdn.net,AVAILABILITY,origin.list,2021-09-15 19:03:37.860528
z-m-scontent.fbkk2-1.fna.fbcdn.net,AVAILABILITY,origin.list,2021-09-15 19:03:43.392791
z-m-scontent.fbkk2-2.fna.fbcdn.net,AVAILABILITY,origin.list,2021-09-15 19:03:48.855055
z-m-scontent.fbkk3-5.fna.fbcdn.net,AVAILABILITY,origin.list,2021-09-15 19:03:54.377248
z-m-scontent.fbkk3-6.fna.fbcdn.net,AVAILABILITY,origin.list,2021-09-15 19:03:59.911167
z-m-scontent.fbkk3-7.fna.fbcdn.net,AVAILABILITY,origin.list,2021-09-15 19:04:05.450567
z-m-scontent.fbkk3-8.fna.fbcdn.net,AVAILABILITY,origin.list,2021-09-15 19:04:10.917794
z-m-scontent.fbkk4-5.fna.fbcdn.net,AVAILABILITY,origin.list,2021-09-15 19:04:16.367863
z-m-scontent.fbkk4-6.fna.fbcdn.net,AVAILABILITY,origin.list,2021-09-15 19:04:21.796641
z-m-scontent.fbkk4-7.fna.fbcdn.net,AVAILABILITY,origin.list,2021-09-15 19:04:27.315540
z-m-scontent.fbkk4-8.fna.fbcdn.net,AVAILABILITY,origin.list,2021-09-15 19:04:32.832423
z-p3-scontent.fbga1-1.fna.fbcdn.net,AVAILABILITY,origin.list,2021-09-15 19:04:38.343615
z-p3-scontent.fbkk1-1.fna.fbcdn.net,AVAILABILITY,origin.list,2021-09-15 19:04:43.849975
z-p3-scontent.fbkk1-2.fna.fbcdn.net,AVAILABILITY,origin.list,2021-09-15 19:04:49.343997
z-p3-scontent.fbkk1-3.fna.fbcdn.net,AVAILABILITY,origin.list,2021-09-15 19:04:54.852755
z-p3-scontent.fbkk1-4.fna.fbcdn.net,AVAILABILITY,origin.list,2021-09-15 19:05:00.390843
z-p3-scontent.fbkk1-5.fna.fbcdn.net,AVAILABILITY,origin.list,2021-09-15 19:05:05.825187
z-p3-scontent.fbkk1-6.fna.fbcdn.net,AVAILABILITY,origin.list,2021-09-15 19:05:11.283429
z-p3-scontent.fbkk1-7.fna.fbcdn.net,AVAILABILITY,origin.list,2021-09-15 19:05:16.822041
z-p3-scontent.fbkk1-8.fna.fbcdn.net,AVAILABILITY,origin.list,2021-09-15 19:05:22.318338
z-p3-scontent.fbkk2-1.fna.fbcdn.net,AVAILABILITY,origin.list,2021-09-15 19:05:27.845379
z-p3-scontent.fbkk2-2.fna.fbcdn.net,AVAILABILITY,origin.list,2021-09-15 19:05:33.344342
z-p3-scontent.fbkk3-5.fna.fbcdn.net,AVAILABILITY,origin.list,2021-09-15 19:05:38.864537
z-p3-scontent.fbkk3-6.fna.fbcdn.net,AVAILABILITY,origin.list,2021-09-15 19:05:44.329626
z-p3-scontent.fbkk3-7.fna.fbcdn.net,AVAILABILITY,origin.list,2021-09-15 19:05:49.842304
z-p3-scontent.fbkk3-8.fna.fbcdn.net,AVAILABILITY,origin.list,2021-09-15 19:05:55.370126
z-p3-scontent.fbkk4-5.fna.fbcdn.net,AVAILABILITY,origin.list,2021-09-15 19:06:00.890327
z-p3-scontent.fbkk4-6.fna.fbcdn.net,AVAILABILITY,origin.list,2021-09-15 19:06:06.366710
z-p3-scontent.fbkk4-7.fna.fbcdn.net,AVAILABILITY,origin.list,2021-09-15 19:06:11.910059
z-p3-scontent.fbkk4-8.fna.fbcdn.net,AVAILABILITY,origin.list,2021-09-15 19:06:17.429083
z-p3-scontent.fbos1-1.fna.fbcdn.net,AVAILABILITY,origin.list,2021-09-15 19:06:22.943107
z-p3-scontent.fcgk5-1.fna.fbcdn.net,AVAILABILITY,origin.list,2021-09-15 19:06:28.393434
z-p3-scontent.ffor1-1.fna.fbcdn.net,AVAILABILITY,origin.list,2021-09-15 19:06:33.902976
z-p3-scontent.fgig3-1.fna.fbcdn.net,AVAILABILITY,origin.list,2021-09-15 19:06:39.338064
z-p3-scontent.fhhr1-2.fna.fbcdn.net,AVAILABILITY,origin.list,2021-09-15 19:06:44.795856
z-p3-scontent.flim5-3.fna.fbcdn.net,AVAILABILITY,origin.list,2021-09-15 19:06:50.325571
z-p3-scontent.fmad3-2.fna.fbcdn.net,AVAILABILITY,origin.list,2021-09-15 19:06:55.796388
z-p3-scontent.fmad3-5.fna.fbcdn.net,AVAILABILITY,origin.list,2021-09-15 19:07:01.302900
z-p3-scontent.fmba1-1.fna.fbcdn.net,AVAILABILITY,origin.list,2021-09-15 19:07:06.777968
z-p3-scontent.fsst1-1.fna.fbcdn.net,AVAILABILITY,origin.list,2021-09-15 19:07:12.328178
z-p3-scontent.fszb1-1.fna.fbcdn.net,AVAILABILITY,origin.list,2021-09-15 19:07:17.860208
z-1-video.fszb1-1.fna.fbcdn.net,AVAILABILITY,origin.list,2021-09-15 19:07:23.369498
z-p1.graph.instagram.com,AVAILABILITY,origin.list,2021-09-15 19:07:28.877067
z-p1.i.instagram.com,AVAILABILITY,origin.list,2021-09-15 19:07:34.361101
z-p1.maps.instagram.com,AVAILABILITY,origin.list,2021-09-15 19:07:39.860218
z-p1.upload.instagram.com,AVAILABILITY,origin.list,2021-09-15 19:07:45.318276
z-p1.www.instagram.com,AVAILABILITY,origin.list,2021-09-15 19:07:50.784296
z-p3.graph.instagram.com,AVAILABILITY,origin.list,2021-09-15 19:07:56.288277
z-p3.i.instagram.com,AVAILABILITY,origin.list,2021-09-15 19:08:01.796854
z-p3.maps.instagram.com,AVAILABILITY,origin.list,2021-09-15 19:08:07.353473
z-p3.upload.instagram.com,AVAILABILITY,origin.list,2021-09-15 19:08:12.883533
z-p1-instagram.c10r.facebook.com,AVAILABILITY,origin.list,2021-09-15 19:08:18.443591
z-p3-instagram.c10r.facebook.com,AVAILABILITY,origin.list,2021-09-15 19:08:23.972156
edge-z-ecmp-02-ord1.facebook.com,AVAILABILITY,origin.list,2021-09-15 19:08:29.480037
mqtt-z-shv-16-frc1.facebook.com,AVAILABILITY,origin.list,2021-09-15 19:08:34.992823
zero-api-slb-10-08-prn1.facebook.com,AVAILABILITY,origin.list,2021-09-15 19:08:40.504948
